hotel_code,name,city,country,address,postal_code,latitude,longitude,google_place_id,location_classification,geocode_source,geocode_notes,coordinate_validation_issues,website_url,michelin_url,michelin_keys,key_status,inclusion_reason
hotel_688,Aman Tokyo,Tokyo,Japan,"Otemachi Tower, 1-5-6 Otemachi, Chiyoda-ku, Tokyo, Japan",100-0004,35.6855948,139.7653865,,READY_HIGH,aman.com; Nominatim (name-matched),Two independent sources agree within ~30m,,https://www.aman.com/hotels/aman-tokyo,,1,confirmed,michelin_key_and_worlds_50_best
hotel_689,Borgo Santandrea,Amalfi,Italy,"Via Giovanni Augustariccio, 33, Amalfi (SA), Italy",84011,40.618989,14.576503,,READY_MEDIUM,borgosantandrea.it (address); Wanderlog (coordinates),"Coordinates from secondary aggregator, not official site or OSM directly — worth a second check",,https://borgosantandrea.it/,,2,confirmed,michelin_key_and_worlds_50_best
hotel_690,Bulgari Roma,Rome,Italy,"Piazza Augusto Imperatore, 10, Rome, Italy",00186,41.9067205,12.4764749,,READY_HIGH,bulgarihotels.com (address); Nominatim (name-matched),,,https://www.bulgarihotels.com/en_US/rome/,,3,confirmed,michelin_key_and_worlds_50_best
hotel_691,Four Seasons Firenze,Florence,Italy,"Borgo Pinti, 99, Florence, Italy",50121,43.7770174,11.2662841,,READY_HIGH,"Multiple travel sources (address, official site 403'd); Nominatim (name-matched)",,,,,3,confirmed,michelin_key_and_worlds_50_best
hotel_692,Hoshinoya Tokyo,Tokyo,Japan,"1-9-1 Otemachi, Chiyoda-ku, Tokyo, Japan",100-0004,35.6877316,139.7650363,,READY_HIGH,hoshinoresorts.com incl. own Google Maps short link,Strongest source tier — coords from Maps link embedded on hotel's own site,,https://hoshinoresorts.com/en/hotels/hoshinoyatokyo/,https://guide.michelin.com/us/en/hotels-stays/tokyo/hoshinoya-tokyo-9171,,unknown,worlds_50_best
hotel_693,Hotel Cipriani,Venice,Italy,"Giudecca, 10, Venice, Italy",30133,45.4274609,12.340543,,READY_HIGH,Multiple travel/press sources; Nominatim (name-matched),"No official website on file, identity unambiguous",,,,3,confirmed,michelin_key_and_worlds_50_best
hotel_694,Hotel Il Pellicano,Porto Ercole,Italy,"Località Sbarcatello S.n.c., Porto Ercole (GR), Italy",58019 (official) / 58018 (OSM),42.3737766,11.1875474,,READY_HIGH,pellicanohotels.com (address); Nominatim (name-matched),Minor 1-digit postal code discrepancy between sources,,https://www.pellicanohotels.com/en/hotels/hotel-il-pellicano/,,1,confirmed,michelin_key_and_worlds_50_best
hotel_695,Hotel das Cataratas,Iguassu Falls,Brazil,"Rodovia das Cataratas / BR-469, Km 32, Foz do Iguaçu, Paraná, Brazil",85855-750,-25.6840352,-54.4387373,,READY_HIGH,belmond.com (address); Nominatim (name-matched),,,https://www.belmond.com/hotels/south-america/brazil/iguassu-falls/belmond-hotel-das-cataratas/,,3,confirmed,michelin_key_and_worlds_50_best
hotel_696,Passalacqua,Moltrasio,Italy,"Via Antonio Besana, 59, Moltrasio (CO), Italy",22010,45.8603116,9.0981867,,READY_MEDIUM,"Third-party listings (address, official site 403'd); Nominatim (name-matched villa complex)","Coordinates for the historic villa/park complex, not an OSM node tagged ""hotel"" specifically — worth spot check",,https://www.passalacqua.it/en/,,3,confirmed,michelin_key_and_worlds_50_best
hotel_697,Rosewood São Paulo,São Paulo,Brazil,"Rua Itapeva, 435, Bela Vista, São Paulo, SP, Brazil",01332-000,-23.5601704,-46.6532464,,READY_MEDIUM,rosewoodhotels.com/sao-paulo/contact (address); Nominatim street-segment match,"Coordinates for a street segment matching postcode, not a building-specific POI",,,,3,confirmed,michelin_key_and_worlds_50_best
hotel_698,Six Senses Ibiza,Ibiza,Spain,"Carrer de Camí de sa Torre, 71, Portinatx, Sant Joan de Labritja, Eivissa, Spain",07810,39.1108344,1.5078208,,READY_HIGH,"Multiple travel sources (address, official site 403'd); Nominatim (name-matched)",,,https://www.sixsenses.com/en/hotels-resorts/europe/spain/ibiza/,https://guide.michelin.com/us/en/hotels-stays/ibiza/six-senses-ibiza-12071,,unknown,worlds_50_best
hotel_699,The Tokyo Edition Toranomon,Tokyo,Japan,"4-1-1 Toranomon, Minato City, Tokyo, Japan",105-0001,35.6653627,139.7451346,,READY_HIGH,"editionhotels.com contact page, embedded Google Maps link",Strongest source tier — coords from Maps link on hotel's own site,,https://www.editionhotels.com/tokyo-toranomon/,https://guide.michelin.com/us/en/hotels-stays/tokyo/the-tokyo-edition-toranomon-11656,,unknown,worlds_50_best
hotel_700,Capella Sydney,Sydney,Australia,"24 Loftus Street, Sydney, NSW, Australia",2000,-33.863648,151.2106852,,READY_HIGH,Multiple sources (address); Nominatim (name-matched),Building spans a full block (Loftus/Bridge/Young St) — OSM POI sits on Bridge St face of same building,,https://capellahotels.com/en/capella-sydney,https://guide.michelin.com/us/en/hotels-stays/sydney/capella-sydney-13134,1,confirmed,michelin_key_and_worlds_50_best
hotel_701,Southern Ocean Lodge,Kangaroo Island,Australia,"390 Hanson Bay Road, Kingscote, Kangaroo Island, SA, Australia",5223,-36.0178048,136.8330219,,READY_HIGH,Multiple travel sources (official site had no address); Nominatim (name-matched),"Rebuilt after 2020 bushfire, reopened 2023 — address/coords reflect current lodge",,https://southernoceanlodge.com.au/,https://guide.michelin.com/en/hotels-stays/kangaroo-island/southern-ocean-lodge-6254,2,confirmed,michelin_key_and_worlds_50_best
hotel_702,The Calile,Brisbane,Australia,"48 James Street, Fortitude Valley, QLD, Australia",4006,-27.4570511,153.0403122,,READY_HIGH,"thecalilehotel.com embedded Google Maps ""Find us"" link",Strongest source tier,,https://thecalilehotel.com/,https://guide.michelin.com/en/hotels-stays/brisbane/the-calile-hotel-brisbane-121812-11776,1,confirmed,michelin_key_and_worlds_50_best
hotel_703,The Tasman,Hobart,Australia,"12 Murray Street, Hobart, TAS, Australia",7000,-42.8848233,147.3299878,,READY_HIGH,Marriott official site + multiple travel sources; Nominatim (name-matched),One secondary source listed a different street (49a Davey St) — complex spans the block; 12 Murray St used by Marriott and most listings,,https://www.marriott.com/en-us/hotels/hbalc-the-tasman-a-luxury-collection-hotel-hobart/overview/,https://guide.michelin.com/us/en/hotels-stays/hobart/the-tasman-a-luxury-collection-hotel-hobart-12558,1,confirmed,michelin_key_and_worlds_50_best
hotel_704,Mandarin Oriental Qianmen,Beijing,China,"No.1 Caochang Alley (Hutong) 10, Dongcheng District, Beijing, China",100005,39.8946125,116.4034963,,READY_MEDIUM,Multiple travel/press sources (official site inaccessible); Nominatim street-level match,"Coordinates for the hutong/alley, not a building-specific POI",,https://www.mandarinoriental.com/en/beijing/qianmen,https://guide.michelin.com/us/en/hotels-stays/dongcheng/mandarin-oriental-qianmen-14975,,unknown,worlds_50_best
hotel_705,Four Seasons Tamarindo,La Manzanilla,Mexico,"Km 7.5, Carretera Federal 200, La Manzanilla, La Huerta, Jalisco, Mexico",48898,19.2559111,-104.8055278,,READY_HIGH,"Multiple travel sources (official site 403'd); Nominatim (name-matched ""Four Seasons Resort Tamarindo"")","Identity confirmed as Jalisco/Costalegre, Mexico property — explicitly NOT Costa Rica",,https://www.fourseasons.com/tamarindo/,,,unknown,worlds_50_best
hotel_706,Kokomo Private Island,Yaukuve Levu Island,Fiji,"**NO STREET ADDRESS EXISTS** — ""Yaukuve Levu Island, Kadavu Archipelago, Fiji"" only",,-18.7992483,178.5277542,,BLOCKED_ADDRESS,kokomoislandfiji.com/contact; multiple travel sources; Nominatim (name-matched island POI),"Remote private-island resort, seaplane/helicopter access only. Official site's own contact page lists no street/number, no P.O. Box found anywhere. Coordinates are solid. **A human decision is needed on whether a descriptive location string (e.g. ""Yaukuve Levu Island, Kadavu, Fiji"") is an acceptable `address` value, or whether this hotel stays blocked until a postal convention is decided.** Not decided here.",,https://www.kokomoislandfiji.com/,,,unknown,worlds_50_best
hotel_707,Cheval Blanc Paris,Paris,France,"8 Quai du Louvre, Paris",75001,48.858857,2.342179,,READY_HIGH,"hotelplanner.com, guide.michelin.com, theworlds50best.com, OSM/Nominatim (named POI ""Cheval Blanc"")",Official site 403'd; 3+ independent sources converge exactly,,https://www.chevalblanc.com/en/maison/paris/,https://guide.michelin.com/is/en/hotels-stays/paris/cheval-blanc-paris-dior-spa-cheval-blanc-paris-12286,3,confirmed,michelin_key_and_worlds_50_best
hotel_708,Hôtel de Crillon,Paris,France,"10 Place de la Concorde, Paris",75008,48.867622,2.321367,,READY_HIGH,rosewoodhotels.com (official); OSM/Nominatim (named POI),,,https://www.rosewoodhotels.com/en/hotel-de-crillon,https://guide.michelin.com/hu/en/hotels-stays/paris/hotel-de-crillon-a-rosewood-hotel-2951,2,confirmed,michelin_key_and_worlds_50_best
hotel_709,Hôtel du Cap-Eden-Roc,Antibes,France,"165 Boulevard John Fitzgerald Kennedy, Cap d'Antibes, Antibes",06160,43.548449,7.121575,,READY_HIGH,"guide.michelin.com, hotelplanner.com, tourism office; OSM/Nominatim (named POI)","Official site rate-limited both attempts; used physical postcode 06160, not the PO-box code",,https://www.hotel-du-cap-eden-roc.com,https://guide.michelin.com/us/en/hotels-stays/antibes/hotel-du-cap-eden-roc-13557,3,confirmed,michelin_key_and_worlds_50_best
hotel_710,Hôtel du Couvent,Nice,France,"1 Rue Honoré Ugo, Nice",06300,43.697272,7.278788,,READY_HIGH,"hotelducouvent.com (official, direct fetch); guide.michelin.com; OSM/Nominatim (named POI)",,,https://www.hotelducouvent.com,https://guide.michelin.com/h/14057,1,confirmed,michelin_key_and_worlds_50_best
hotel_711,La Réserve Paris,Paris,France,"42 Avenue Gabriel (fronts 1 Rue du Cirque), Paris",75008,48.869728,2.313341,,READY_HIGH,Wikidata Q109042380; lareserve-paris.com (address); OSM/Nominatim address geocode (agrees within ~1m),,,https://www.lareserve-paris.com,https://guide.michelin.com/h/8898,3,confirmed,michelin_key_and_worlds_50_best
hotel_712,Le Bristol Paris,Paris,France,"112 Rue du Faubourg Saint-Honoré, Paris",75008,48.871827,2.315008,,READY_HIGH,oetkerhotels.com (search-derived); guide.michelin.com; OSM/Nominatim (named POI),Official site rate-limited; multiple convergent listings,,https://www.oetkercollection.com/hotels/le-bristol-paris/,https://guide.michelin.com/sg/en/hotels-stays/paris/le-bristol-paris-6509,3,confirmed,michelin_key_and_worlds_50_best
hotel_713,Plaza Athénée,Paris,France,"25 Avenue Montaigne, Paris",75008,48.866382,2.303893,,READY_HIGH,"Apple Maps, Yelp, guide.michelin.com; OSM/Nominatim (named POI)",Official site 403'd; strongly corroborated elsewhere,,https://www.dorchestercollection.com/en/paris/hotel-plaza-athenee/,https://guide.michelin.com/h/6010,3,confirmed,michelin_key_and_worlds_50_best
hotel_714,The Maybourne Riviera,Roquebrune-Cap-Martin,France,"1551 Route de la Turbie, Roquebrune-Cap-Martin",06190,43.756432,7.443783,,READY_HIGH,"maybourne.com (official, direct fetch); OSM/Nominatim (named POI, exact match)",,,https://www.maybourne.com/en/hotels/the-maybourne-riviera,https://guide.michelin.com/h/12783,2,confirmed,michelin_key_and_worlds_50_best
hotel_715,The Brando,Tetiaroa,French Polynesia,"Tetiaroa Private Island (Onetahi motu), Arue, P.O. Box 6014, Faa'a, 98702 Tahiti, French Polynesia",98702,,,,BLOCKED_COORDINATES,"thebrando.com (address only); Wikidata Q48816837 (coordinate only, rounded to nearest arc-minute)","Only available coordinate is ~1-2km precision, not reliable for a specific building on a small atoll — declined to substitute the airstrip's coordinate since it wasn't confirmed as the resort's own",,https://thebrando.com/,,3,confirmed,michelin_key_and_worlds_50_best
hotel_716,Four Seasons Astir Palace Hotel Athens,Athens,Greece,"40 Apollonos Street, Vouliagmeni, Athens",16671,37.805199,23.771217,,READY_HIGH,"astir.gr (address via search cache); OSM/Nominatim (named POI, Greek-language match ""Astir of Vouliagmeni"")",,,https://www.fourseasons.com/athens/,https://guide.michelin.com/en/hotels-stays/athens/four-seasons-astir-palace-12274,3,confirmed,michelin_key_and_worlds_50_best
hotel_717,Four Seasons Hong Kong,Hong Kong,Hong Kong,"8 Finance Street, Central, Hong Kong",none (HK has no postal codes),22.286626,114.156663,,READY_HIGH,"fourseasons.com (official, via search cache); OSM/Nominatim (named POI)",Confirmed distinct from other 4 HK hotels,,https://en.fourseasonshk.com/,https://guide.michelin.com/us/en/hotels-stays/hong-kong-island/four-seasons-hotel-hong-kong-7373,1,confirmed,michelin_key_and_worlds_50_best
hotel_718,Mandarin Oriental Hong Kong,Hong Kong,Hong Kong,"5 Connaught Road Central, Hong Kong",,22.281886,114.159397,,READY_HIGH,"mandarinoriental.com (official, via search cache); OSM/Nominatim (named POI)",Distinct Central-district building,,https://www.mandarinoriental.com/en/hong-kong/victoria-harbour,https://guide.michelin.com/en/hotels-stays/hong-kong-island/mandarin-oriental-hong-kong-6202,1,confirmed,michelin_key_and_worlds_50_best
hotel_719,Rosewood Hong Kong,Hong Kong,Hong Kong,"Victoria Dockside, 18 Salisbury Road, Tsim Sha Tsui, Kowloon",,22.294701,114.175805,,READY_HIGH,"rosewoodhotels.com (official, via search cache); OSM/Nominatim (named POI)",Distinct Kowloon-side building,,https://www.rosewoodhotels.com/en/hong-kong,https://guide.michelin.com/us/en/hotels-stays/kowloon/rosewood-hong-kong-9412,3,confirmed,michelin_key_and_worlds_50_best
hotel_720,The Peninsula Hong Kong,Hong Kong,Hong Kong,"Salisbury Road, Tsim Sha Tsui, Kowloon",,22.295066,114.171789,,READY_HIGH,"peninsula.com (via search cache, direct fetch 403'd); OSM/Nominatim (named POI, corroborated by co-located Felix Bar/Peninsula Arcade)",Confirmed distinct from Rosewood despite both on Salisbury Rd — ~800m apart,,https://www.peninsula.com/,https://guide.michelin.com/us/en/hotels-stays/kowloon/the-peninsula-hong-kong-5650,2,confirmed,michelin_key_and_worlds_50_best
hotel_721,Upper House Hong Kong,Hong Kong,Hong Kong,"Pacific Place, 88 Queensway, Admiralty, Hong Kong",,22.277495,114.166391,,READY_MEDIUM,upperhouse.com (via search cache); OSM/Nominatim (named POI),"OSM street field says ""Justice Drive, Tamar"" not ""Queensway"" — same Pacific Place complex, not an identity concern, but flagged",,https://www.upperhouse.com/en/hongkong/,https://guide.michelin.com/en/hotels-stays/hong-kong-island/the-upper-house-hong-kong-5205,2,confirmed,michelin_key_and_worlds_50_best
hotel_722,Amanbagh,Ajabgarh,India,"Amanbagh Resort, Ajabgarh, Village Alwar 301027, Rajasthan",301027,27.169457,76.294427,,READY_HIGH,"aman.com (official, direct fetch incl. Maps link); OSM/Nominatim (named POI)",,,https://www.aman.com/resorts/amanbagh,https://guide.michelin.com/us/en/hotels-stays/ajabgarh/amanbagh-7251,2,confirmed,michelin_key_and_worlds_50_best
hotel_723,Suján Jawai,"Jawai, Rajasthan",India,"Gram Panchayat, VPO Bisalpur, Tehsil Pali, Rajasthan 306401",306401,,,,BLOCKED_COORDINATES,"Ampersand Travel, trip.com (both give same address)","Nominatim ""Bisalpur"" resolves to a same-named but DIFFERENT village near Jodhpur — using it would risk a materially wrong pin. Nearby ""Jawai Bandh Leopard Conservation Reserve"" is a different feature (dam/reserve), declined as stand-in",,https://thesujanlife.com/sujan-camps/sujan-jawai,https://guide.michelin.com/us/en/hotels-stays/Bisalpur/jawai-8223,2,confirmed,michelin_key_and_worlds_50_best
hotel_724,The Johri,Jaipur,India,"3950, MSB Ka Rasta, Johri Bazar, Ghat Darwaza, Jaipur, Rajasthan",302003,26.918638,75.826477,,READY_MEDIUM,"wanderlog.com; OSM/Nominatim (named POI tagged amenity=restaurant, ~15m away — likely hotel's integrated restaurant in same haveli)","Neither source is Tier-1 official; OSM tag is ""restaurant"" not ""hotel""",,https://www.thejohrijaipur.com/,https://guide.michelin.com/en/hotels-stays/jaipur/the-johri-jaipur-12399,1,confirmed,michelin_key_and_worlds_50_best
hotel_725,The Oberoi Amarvilas,Agra,India,"Taj East Gate Road, Agra",282001,27.167998,78.049014,,READY_HIGH,"oberoihotels.com (official, direct fetch); OSM/Nominatim (named POI, postcode matches)",A near-duplicate OSM point ~25m away has a different postcode (282004) — 282001 preferred as it matches official site,,https://www.oberoihotels.com/hotels-in-agra-amarvilas-resort/,https://guide.michelin.com/en/hotels-stays/agra/the-oberoi-amarvilas-6143,2,confirmed,michelin_key_and_worlds_50_best
hotel_726,The Taj Mahal Palace,Mumbai,India,"Apollo Bunder, Colaba, Mumbai, Maharashtra, India",400001,18.9217291,72.8330309,,READY_HIGH,Google Maps URL via search (site 403'd),"Globally unambiguous landmark, exact match",,https://www.tajhotels.com/en-in/hotels/taj-mahal-palace-mumbai,https://guide.michelin.com/en/hotels-stays/mumbai/taj-mahal-palace-mumbai-8799,1,confirmed,michelin_key_and_worlds_50_best
hotel_727,Desa Potato Head,Bali,Indonesia,"Jalan Petitenget No. 51B, Seminyak, Kuta Utara, Bali 80361, Indonesia",80361,-8.6792173,115.1500396,,READY_HIGH,"seminyak.potatohead.co (goo.gl link on site, resolved)","Confirmed Seminyak, not Ubud",,https://seminyak.potatohead.co/,https://guide.michelin.com/en/hotels-stays/seminyak/desa-potato-head-bali-8192,,confirmed_absent,worlds_50_best
hotel_728,Mandapa,Bali,Indonesia,"Jalan Kedewatan, Banjar Kedewatan, Ubud, Gianyar, Bali 80571, Indonesia",80571,-8.48588722,115.24423885,,READY_HIGH,ritzcarlton.com (own site),"Confirmed Ubud, not Seminyak",,https://www.ritzcarlton.com/en/hotels/dpsub-mandapa-a-ritz-carlton-reserve/overview/,https://guide.michelin.com/en/hotels-stays/ubud/mandapa-a-ritz-carlton-reserve-10894,3,confirmed,michelin_key_and_worlds_50_best
hotel_729,Nihi Sumba,Sumba Island,Indonesia,"Hoba Wawi, Wanokaka, West Sumba Regency, East Nusa Tenggara, Indonesia",87272,-9.7776308,119.3762222,,READY_HIGH,nihi.com (Google Maps directions link on site),"Destination-marker coords, not viewport center",,https://nihi.com/sumba/,https://guide.michelin.com/is/en/hotels-stays/sumba/nihi-sumba-9235,3,confirmed,michelin_key_and_worlds_50_best
hotel_730,The Datai,Langkawi,Malaysia,"Jalan Teluk Datai, 07000 Pulau Langkawi, Kedah Darul Aman, Malaysia",07000,6.422309,99.670442,,READY_HIGH,thedatai.com/contact/ (Google Maps link on site),,,https://www.thedatai.com/,https://guide.michelin.com/us/en/hotels-stays/langkawi/the-datai-7463,,confirmed_absent,worlds_50_best
hotel_731,Soneva Fushi,"Eydhafushi, Baa Atoll",Maldives,"Kunfunadhoo Island, Baa Atoll, Maldives",,5.112055,73.078026,,READY_MEDIUM,"latlong.net, sandee.com (independent aggregators converge)",No street address exists (private-island resort); official site 403'd,,https://soneva.com/resorts/soneva-fushi/,https://guide.michelin.com/en/hotels-stays/kunfunadhoo-island/soneva-fushi-316,3,confirmed,michelin_key_and_worlds_50_best
hotel_732,Soneva Jani,Noonu Atoll,Maldives,"Medhufaru Island, Noonu Atoll, Maldives",,5.720434,73.415032,,READY_MEDIUM,wanderlog.com; corroborated by malediven.reise DMS conversion,Distinct from Soneva Fushi/Secret — different atoll confirmed,,https://soneva.com/resorts/soneva-jani/,https://guide.michelin.com/en/hotels-stays/medhufaru-island-noonu-atoll/soneva-jani-9087,2,confirmed,michelin_key_and_worlds_50_best
hotel_733,Soneva Secret,Maldives,Maldives,"Dhipparufushi Island, Makunudhoo Atoll (admin. Haa Dhaalu Atoll), Maldives",,,,,BLOCKED_COORDINATES,"soneva.com, MICHELIN Guide, press (address/island only)","Newest Soneva (opened May 2024), not yet indexed on aggregators. Identity/atoll confirmed distinct from Fushi/Jani",,https://soneva.com/resorts/soneva-secret/,https://guide.michelin.com/us/en/hotels-stays/Dhipparufushi%20Island/soneva-secret-16237,,unknown,worlds_50_best
hotel_734,Chablé Yucatán,"Chocholá, Yucatán",Mexico,"Tablaje 642, San Antonio Chablé, 97816 Chocholá, Yucatán, Mexico",97816,20.754219,-89.8614384,,READY_HIGH,Google Maps place URL via search (site had no address on-page),,,https://yucatan.chablehotels.com/,https://guide.michelin.com/be/nl/hotels-stays/chochola/chable-yucatan-8415,2,confirmed,michelin_key_and_worlds_50_best
hotel_735,Hotel Esencia,Tulum,Mexico,"Carretera Cancún–Tulum Km 265, Xpu-Ha, Quintana Roo, Mexico",77750 (site) / 77734 (aggregator) — minor discrepancy,20.481945,-87.256164,,READY_MEDIUM,hotelesencia.com/contact/ (address); wanderlog.com (coords),"Task listed city ""Tulum"" but actual location is Xpu-Ha, between Playa del Carmen and Tulum — confirmed correct property (recently 3 MICHELIN Keys)",,https://hotelesencia.com/,https://guide.michelin.com/us/en/hotels-stays/playa-del-carmen/hotel-esencia-2171,3,confirmed,michelin_key_and_worlds_50_best
hotel_736,Las Ventanas al Paraíso,Los Cabos,Mexico,"KM 19.5 Ctra. Transpeninsular, San José del Cabo, BCS, Mexico",23405 (site) / 23400 (aggregator) — minor discrepancy,22.97937,-109.770454,,READY_MEDIUM,rosewoodhotels.com (address); latlong.net (coords),,,https://www.rosewoodhotels.com/en/las-ventanas-los-cabos,https://guide.michelin.com/us/en/hotels-stays/los-cabos/las-ventanas-al-paraiso-a-rosewood-resort-7368,2,confirmed,michelin_key_and_worlds_50_best
hotel_737,Maroma,Riviera Maya,Mexico,"Carretera Cancún-Tulum Km 51, Punta Maroma, 77710 Riviera Maya, Quintana Roo, Mexico",77710,20.74028,-86.96583,,READY_MEDIUM,belmond.com (address); Wikipedia-sourced DMS coords,,,https://www.belmond.com/hotels/north-america/mexico/riviera-maya/belmond-maroma-resort-and-spa/,https://guide.michelin.com/us/en/hotels-stays/punta-maroma/maroma-a-belmond-hotel-riviera-maya-2971,2,confirmed,michelin_key_and_worlds_50_best
hotel_738,Montage Los Cabos,Cabo San Lucas,Mexico,"Carretera Transpeninsular KM 12.5, Int. Bahía Santa María, 23450 Cabo San Lucas, BCS, Mexico",23450,22.930165,-109.816378,,READY_MEDIUM,"montage.com/loscabos (address via search, site 403'd); wanderlog.com (coords)",,,https://www.montage.com/loscabos/,https://guide.michelin.com/us/en/hotels-stays/los-cabos/montage-los-cabos-8741,2,confirmed,michelin_key_and_worlds_50_best
hotel_739,One&Only Mandarina,Riviera Nayarit,Mexico,"Carretera Federal Libre 200 Tepic-Puerto Vallarta, El Monteón, Compostela, Nayarit, Mexico",63724,,,,BLOCKED_COORDINATES,oneandonlyresorts.com/mandarina (address only),Address well-corroborated; no reliable coordinate source located,,https://www.oneandonlyresorts.com/mandarina,https://guide.michelin.com/us/en/hotels-stays/Lo-de-Marcos/oneonly-mandarina-12145,3,confirmed,michelin_key_and_worlds_50_best
hotel_740,Rosewood Mayakoba,Playa del Carmen,Mexico,"Ctra. Federal Cancún–Playa del Carmen Km 298, Solidaridad, Quintana Roo, Mexico",77710,20.687928,-87.02013,,READY_MEDIUM,rosewoodhotels.com/mayakoba-riviera-maya (address); wanderlog.com (coords); guide.michelin.com + press (Key status),See deep-dive below,,,,,unknown,worlds_50_best
hotel_741,La Mamounia,Marrakech,Morocco,"Avenue Bab Jdid, Marrakech 40040, Morocco",40040,31.6213829,-7.9974419,,READY_MEDIUM,"mamounia.com/en/contact.html (address, via search); OSM/Nominatim (named POI 'La Mamounia', tourism=hotel)","OSM's own street name (Avenue Houman El Fetouaki) differs slightly from the official contact address (Avenue Bab Jdid) — same building/entrance area of the medina, common with large historic properties having multiple street frontages; address not independently confirmed via direct site fetch (search snippet only)",,https://mamounia.com/en/,https://guide.michelin.com/us/en/hotels-stays/marrakech/la-mamounia-2401,3,confirmed,michelin_key_and_worlds_50_best
hotel_742,Royal Mansour,Marrakech,Morocco,"Rue Abou El Abbas Sebti, Medina, Marrakech 40034, Morocco",40034,31.6252691,-7.9983024,,READY_HIGH,"OSM/Nominatim (named POI 'Royal Mansour Marrakech', address+coordinates from same source)",Address and coordinates both sourced directly from an OSM entry whose name tag is an exact match,,https://www.royalmansour.com/en/marrakech/,https://guide.michelin.com/us/en/hotels-stays/marrakech/royal-mansour-5181,2,confirmed,michelin_key_and_worlds_50_best
hotel_743,Huka Lodge,Taupō,New Zealand,"Huka Falls Road, Rangatira Park, Taupō 3377, New Zealand",3377,-38.6546899,176.0868588,,READY_HIGH,"OSM/Nominatim (named POI 'Huka Lodge', address+coordinates from same source)",OSM tags it 'chalet' not 'hotel' but the name tag is an exact match,,https://hukalodge.com/,https://guide.michelin.com/us/en/hotels-stays/taupo/huka-lodge-6105,2,confirmed,michelin_key_and_worlds_50_best
hotel_744,Six Senses Zighy Bay,Zighy Bay,Oman,"Zighy Bay Road, Zighy, Dibba, Musandam Governorate, Oman",PC 800,25.7100231,56.272654,,READY_HIGH,"OSM/Nominatim (named POI 'Six Senses Zighy Bay', tourism=hotel, address+coordinates from same source); postal code PC 800 corroborated via classictravel.com listing","Official site mailing address is a P.O. Box, not a street address — used OSM road-level address instead",,https://www.sixsenses.com/en/resorts/zighy-bay,https://guide.michelin.com/us/en/hotels-stays/dibba/six-senses-zighy-bay-oman-6046,1,confirmed,michelin_key_and_worlds_50_best
hotel_745,Palacio Nazarenas,Cusco,Peru,"Calle Plazoleta Nazarenas 223, Cusco, Perú",,-13.514797,-71.976713,,READY_HIGH,belmond.com hotel location page (own site Google Maps link),Belmond's own page gave two slightly differing address strings — used the one that co-occurred with the verified coordinates,,https://www.belmond.com/en/hotels/south-america/peru/palacio-nazarenas-cusco,https://guide.michelin.com/ie/en/hotels-stays/cusco/palacio-nazarenas-a-belmond-hotel-cusco-6409,1,confirmed,michelin_key_and_worlds_50_best
hotel_746,Mount Nelson,Cape Town,South Africa,"76 Orange Street, Gardens, Cape Town, 8001, South Africa",8001,-33.93204,18.411685,,READY_HIGH,belmond.com (own site Google Maps link),Cross-checked against Wikipedia — matches,,https://www.belmond.com/en/hotels/africa/south-africa/mount-nelson-cape-town,https://guide.michelin.com/en/hotels-stays/cape-town/mount-nelson-a-belmond-hotel-cape-town-5950,2,confirmed,michelin_key_and_worlds_50_best
hotel_747,Singita – Kruger National Park,Kruger National Park,South Africa,**BLOCKED — see disambiguation above**,,,,,BLOCKED_AMBIGUOUS_PROPERTY,"theworlds50best.com, singita.com, guide.michelin.com",Genuine collective 2-lodge ranking entry — needs human product decision,,https://singita.com/region/kruger-national-park/,,,unknown,worlds_50_best
hotel_748,Amangalla,Galle,Sri Lanka,"10 Church Street, Fort, Galle, 80000, Sri Lanka",80000,6.03306,80.21667,,READY_MEDIUM,aman.com (address only); Wikipedia (coordinates),"Aman's own site displayed a garbled/impossible coordinate near its embedded map (central Africa) — discarded, used Wikipedia instead",,https://www.aman.com/resorts/amangalla,https://guide.michelin.com/us/en/hotels-stays/galle/amangalla-7252,1,confirmed,michelin_key_and_worlds_50_best
hotel_749,Eden Rock,Saint-Jean,St. Barthélemy,"Baie de Saint Jean, 97133 Saint Barthélemy, French West Indies",97133,17.90306,-62.83611,,READY_MEDIUM,Wikipedia; corroborated by multiple travel-press sources,oetkerhotels.com returned HTTP 429 on every attempt,,https://www.oetkerhotels.com/hotels/eden-rock-st-barths/,,,unknown,worlds_50_best
hotel_750,Ett Hem,Stockholm,Sweden,"Sköldungagatan 2, SE-114 27 Stockholm, Sweden",114 27,59.3456028,18.0677011,,READY_HIGH,"etthem.se ""find us"" page (own site, full Google Maps URL)",,,https://www.etthem.se/,https://guide.michelin.com/en/hotels-stays/stockholm/ett-hem-7183,1,confirmed,michelin_key_and_worlds_50_best
hotel_751,Aman Nai Lert,Bangkok,Thailand,"1 Soi Somkid, Lumpini, Pathumwan, Bangkok 10330, Thailand",10330,13.746968,100.5463261,,READY_HIGH,aman.com (own site + resolved Maps short link),,,https://www.aman.com/hotels/aman-nai-lert-bangkok,https://guide.michelin.com/rs/en/hotels-stays/bangkok/aman-nai-lert-13857,2,confirmed,michelin_key_and_worlds_50_best
hotel_752,Capella Bangkok,Bangkok,Thailand,"300/2 Charoen Krung Rd (Soi Charoenkrung 62), Yan Nawa, Sathon, Bangkok 10120, Thailand",10120,13.7132727,100.5111616,,READY_MEDIUM,theworlds50best.com + secondary sources (address); OSM/Nominatim (coordinates),capellahotels.com 403'd on every page,,https://capellahotels.com/en/capella-bangkok,https://guide.michelin.com/en/hotels-stays/bangkok/capella-bangkok-12207,2,confirmed,michelin_key_and_worlds_50_best
hotel_753,Dusit Thani Bangkok,Bangkok,Thailand,"98 Rama IV Road, Silom, Bang Rak, Bangkok 10500, Thailand",10500,13.7282719,100.5381009,ChIJNR_QAkSf4jARbTRljQDBL70,READY_HIGH,dusit.com (own site: address + explicit place_id in directions link); cross-validated via independent maps.app.goo.gl short link,"Hotel rebuilt/reopened Sept 2024 with new address numbering; used current official address, not stale pre-2024 one",,https://www.dusit.com/dusitthani-bangkok/,https://guide.michelin.com/us/en/hotels-stays/bangkok/dusit-thani-bangkok-14928,1,confirmed,michelin_key_and_worlds_50_best
hotel_754,Four Seasons Bangkok at Chao Phraya River,Bangkok,Thailand,"300/1 Charoen Krung Road, Yannawa, Sathorn, Bangkok 10120, Thailand",10120,13.7117012,100.5099107,,READY_MEDIUM,fourseasons.com address corroborated via theworlds50best/hotelplanner/MICHELIN (site itself 403'd); OSM dedicated hotel POI,"Took care not to conflate with the adjacent ""Four Seasons Private Residences"" tower (separate OSM/Wikipedia entry)",,https://www.fourseasons.com/bangkok/,https://guide.michelin.com/en/hotels-stays/bangkok/four-seasons-bangkok-13358,2,confirmed,michelin_key_and_worlds_50_best
hotel_755,Mandarin Oriental Bangkok,Bangkok,Thailand,"48 Oriental Avenue, Bang Rak, Bangkok 10500, Thailand",10500,13.7238854,100.5141549,,READY_MEDIUM,mandarinoriental.com (address via search aggregation); OSM dedicated hotel POI (exact house number match); Wikipedia cross-check (~50m away),,,https://www.mandarinoriental.com/en/bangkok/chao-phraya-river,https://guide.michelin.com/us/en/hotels-stays/bangkok/mandarin-oriental-bangkok-6088,3,confirmed,michelin_key_and_worlds_50_best
hotel_756,Rosewood Bangkok,Bangkok,Thailand,"1041/38 Ploenchit Road, Lumpini, Pathumwan, Bangkok 10330, Thailand",10330,13.74338,100.54976,,READY_MEDIUM,"rosewoodhotels.com (address only, no map link found); Wikidata Q55631993 (coordinates)",,,https://www.rosewoodhotels.com/en/bangkok,https://guide.michelin.com/th/th/hotels-stays/bangkok/rosewood-bangkok-11140,2,confirmed,michelin_key_and_worlds_50_best
hotel_757,The Siam,Bangkok,Thailand,"3/2 Thanon Khao, Vachirapayabal, Dusit, Bangkok 10300, Thailand",10300,13.7814475,100.5053826,,READY_MEDIUM,thesiamhotel.com (address only); OSM geocode matching street name + postal code exactly,,,https://www.thesiamhotel.com/,https://guide.michelin.com/us/en/hotels-stays/bangkok/the-siam-7829,3,confirmed,michelin_key_and_worlds_50_best
hotel_758,Maçakızı,Bodrum,Turkey,"Kesire Mevkii, Narçiçeği Sokak, 48400 Göltürkbükü (Bodrum), Türkiye",48400,37.136472,27.380201,,READY_HIGH,"macakizi.com ""location-transport"" page (own site, full Google Maps URL)",,,https://www.macakizi.com/,https://guide.michelin.com/en/hotels-stays/bodrum/macakizi-5656,,unknown,worlds_50_best
hotel_759,Atlantis The Royal,Dubai,United Arab Emirates,"Crescent Road, The Palm Jumeirah, Dubai, UAE (P.O. Box 211222)",none (UAE has no postal codes),25.137842,55.1273367,,READY_MEDIUM,"atlantis.com corroborated via press (own site's location page timed out every attempt); OSM dedicated POI, cross-validated with Wikipedia (~50m away)","Took care to distinguish from the older, separate ""Atlantis The Palm"" resort on the same island",,https://www.atlantis.com/dubai/atlantis-the-royal,https://guide.michelin.com/en/hotels-stays/palm-jumeirah/atlantis-the-royal-dubai-12999,3,confirmed,michelin_key_and_worlds_50_best
hotel_760,Jumeirah Marsa Al Arab,Dubai,United Arab Emirates,"Umm Suqeim 3, Jumeirah Road, Dubai, UAE",,25.1442961,55.1903353,,READY_HIGH,"jumeirah.com (own site, address + resolved Maps short link)",Confirmed distinct from Atlantis The Royal and The Lana — no cross-contamination,,https://www.jumeirah.com/en/stay/dubai/jumeirah-marsa-al-arab,https://guide.michelin.com/us/en/hotels-stays/dubai/jumeirah-marsa-al-arab-16587,,unknown,worlds_50_best
hotel_761,The Lana,Dubai,United Arab Emirates,"Marasi Drive, Business Bay, Dubai, UAE",,25.188041,55.2882653,,READY_MEDIUM,dorchestercollection.com 403'd every attempt; OSM geocode,"OSM entry is a shared building record with ""The Residences, Dorchester Collection"" — same building/address, but no distinct hotel-entrance street number isolated",,https://www.dorchestercollection.com/dubai/the-lana,https://guide.michelin.com/en/hotels-stays/dubai/the-lana-dorchester-collection-13525,1,confirmed,michelin_key_and_worlds_50_best
hotel_762,Claridge's,London,United Kingdom,"Claridge's, Brook Street, Mayfair, London, W1K 4HR, UK",W1K 4HR,51.5125,-0.1475,,READY_MEDIUM,"maybourne.com (address, no map link found); Wikipedia (coordinates)",,,https://www.claridges.co.uk/,https://guide.michelin.com/en/hotels-stays/london/claridges-5908,3,confirmed,michelin_key_and_worlds_50_best
hotel_763,Estelle Manor,Witney,United Kingdom,"Eynsham Park, North Leigh, Oxfordshire, OX29 6PN, England",OX29 6PN,51.8078183,-1.4278458,,READY_MEDIUM,"estellemanor.com (address, no map link found); OSM geocode, exact name+postcode match",,,https://estellemanor.com/,https://guide.michelin.com/us/en/hotels-stays/north-leigh/estelle-manor-13559,1,confirmed,michelin_key_and_worlds_50_best
hotel_764,Gleneagles,Auchterarder,United Kingdom,"The Gleneagles Hotel, Auchterarder, Perthshire, Scotland",PH3 1NF,56.2829063,-3.7517399,,READY_HIGH,gleneagles.com (address); Google Maps search (name-matched),No street address exists (rural resort); alt. postcode PH3 1SH sometimes used for satnav,,https://www.gleneagles.com/,https://guide.michelin.com/us/en/hotels-stays/auchterarder/the-gleneagles-hotel-11426,3,confirmed,michelin_key_and_worlds_50_best
hotel_765,NoMad London,London,United Kingdom,"28 Bow Street, London",WC2E 7AW,51.5135071,-0.1220797,,READY_HIGH,"Hilton/NoMad site (redirect, 403'd — address via search corroboration, hotelplanner, Michelin listing); Google Maps search (exact name match)",Official site 403'd on fetch; address triple-corroborated by independent secondary sources,,https://www.thenomadhotel.com/london/,https://guide.michelin.com/en/hotels-stays/london/nomad-london-11950,1,confirmed,michelin_key_and_worlds_50_best
hotel_766,Raffles London at The OWO,London,United Kingdom,"57 Whitehall, London",SW1A 2BX,51.5055488,-0.125098,,READY_HIGH,"raffles.com/london (address); OpenStreetMap/Nominatim (""The OWO, 57 Whitehall Place"" — exact building match)","OSM shows building postcode as SW1A 2AW (Whitehall Place frontage) vs official SW1A 2BX (Whitehall frontage) — same building, two street frontages",,https://www.raffles.com/london/,https://guide.michelin.com/gb/en/hotels-stays/london/raffles-london-at-the-owo-123591-13407,3,confirmed,michelin_key_and_worlds_50_best
hotel_767,The Connaught,London,United Kingdom,"Carlos Place, Mayfair, London",W1K 2AL,51.5102521,-0.1498169,,READY_HIGH,"maybourne.com/the-connaught (address); Google Maps search (exact name match ""The Connaught · Carlos Pl"")",,,https://www.the-connaught.co.uk/,https://guide.michelin.com/gr/en/hotels-stays/london/the-connaught-5891,3,confirmed,michelin_key_and_worlds_50_best
hotel_768,The Emory,London,United Kingdom,"Old Barrack Yard, London",SW1X 7NP,51.501951,-0.154946,,READY_MEDIUM,maybourne.com/the-emory (address); OpenStreetMap/Nominatim (street-level geocode of Old Barrack Yard),"Coordinate is the street/alley centroid, not a building-specific pin — Old Barrack Yard is a small private cul-de-sac where The Emory is the sole occupant, so risk is low but not building-verified",,https://www.the-emory.co.uk/,https://guide.michelin.com/us/en/hotels-stays/london/the-emory-13706,1,confirmed,michelin_key_and_worlds_50_best
hotel_769,The Newt in Somerset,Castle Cary,United Kingdom,"Hadspen, Bruton, near Castle Cary, Somerset",BA7 7NG,51.0812007,-2.490817,,READY_HIGH,"thenewtinsomerset.com contact page (GPS 51°04'52""N 2°29'25.2""W, matches) + on-site Google Maps short-link (name-matched ""The Newt in Somerset"")",Two independent primary-site sources agree to ~5 decimal places,,https://thenewtinsomerset.com/,https://guide.michelin.com/us/en/hotels-stays/bruton/the-newt-in-somerset-13497,3,confirmed,michelin_key_and_worlds_50_best
hotel_770,The Savoy,London,United Kingdom,"Strand, London",WC2R 0EZ,51.5101494,-0.1205205,,READY_HIGH,"thesavoylondon.com (on-site Google Maps short-link, name-matched ""The Savoy""); postcode via secondary corroboration","Official site gives ""Savoy Court, London"" without postcode; postcode confirmed by several independent secondary sources",,https://www.thesavoylondon.com/,https://guide.michelin.com/en/hotels-stays/london/the-savoy-6697,3,confirmed,michelin_key_and_worlds_50_best
hotel_771,Aman New York,New York,United States,"The Crown Building, 730 Fifth Avenue, New York, NY",10019,40.762892,-73.974565,,READY_HIGH,aman.com/hotels/aman-new-york (address); Apple Maps (exact address+name match); Wikipedia (corroborating coords),,,https://www.aman.com/hotels/aman-new-york,https://guide.michelin.com/us/en/hotels-stays/nyc/aman-new-york-13416,3,confirmed,michelin_key_and_worlds_50_best
hotel_772,Amangiri,Canyon Point,United States,"1 Kayenta Road, Canyon Point, UT",84741-0285,37.014599,-111.611298,ChIJq-qcNtwhNYcRazgIZDEKTIc,READY_HIGH,"aman.com/resorts/amangiri (address); Google Maps (explicit query_place_id param, name-matched)",,,https://www.aman.com/resorts/amangiri,,3,confirmed,michelin_key_and_worlds_50_best
hotel_773,Equinox Hotel New York,New York City,United States,"33 Hudson Yards, New York, NY",10001,40.7545403,-74.0020334,,READY_HIGH,equinox-hotels.com/nyc (address); Google Maps search (exact name match),"A CID appeared with a malformed feature-ID prefix — unreliable, not reported",,https://equinox-hotels.com/nyc/,https://guide.michelin.com/us/en/hotels-stays/nyc/equinox-hotel-new-york-11130,,unknown,worlds_50_best
hotel_774,Four Seasons at The Surf Club,Surfside,United States,"9011 Collins Avenue, Surfside, FL",33154,25.8773181,-80.1211661,,READY_HIGH,fourseasons.com/surfside (403'd — secondary corroboration); OpenStreetMap/Nominatim (exact name match),Official site blocked (403); strong independent corroboration,,https://www.fourseasons.com/surfside/,https://guide.michelin.com/us/en/hotels-stays/miami/four-seasons-hotel-at-the-surf-club-12443,2,confirmed,michelin_key_and_worlds_50_best
hotel_775,Hotel Bel-Air,Los Angeles,United States,"701 Stone Canyon Road, Los Angeles, CA",90077,34.086597,-118.446351,ChIJ4XfXK_G8woARbUYxTMpyDo8,READY_HIGH,dorchestercollection.com (403'd — secondary corroboration); Google Maps search (name-matched); Waze,"Official site blocked (403); note separate ""Hotel Bel-Air Spa"" building nearby — used hotel-proper coordinate",,https://www.dorchestercollection.com/los-angeles/hotel-bel-air/,https://guide.michelin.com/en/hotels-stays/los-angeles-area/hotel-belair-5941,3,confirmed,michelin_key_and_worlds_50_best
hotel_776,San Ysidro Ranch,Santa Barbara,United States,"900 San Ysidro Lane, Santa Barbara, CA",93108,34.447046,-119.623345,,READY_HIGH,sanysidroranch.com (address); Google Maps search (name-matched),"Google/Apple list locality as ""Montecito"" vs site's ""Santa Barbara"" — same building, local mailing variance",,https://www.sanysidroranch.com/,https://guide.michelin.com/us/en/hotels-stays/santa-barbara/san-ysidro-ranch-7575,,unknown,worlds_50_best
hotel_777,The Beverly Hills Hotel,Los Angeles,United States,"9641 Sunset Boulevard, Beverly Hills, CA",90210,34.0814361,-118.4136917,ChIJjWrkXge8woARQa2f1ewAZqA,READY_HIGH,"dorchestercollection.com (403'd — secondary corroboration); Google Maps (explicit query_place_id, name-matched)",Official site blocked (403); corroborated incl. Wikidata,,https://www.dorchestercollection.com/los-angeles/the-beverly-hills-hotel/,,3,confirmed,michelin_key_and_worlds_50_best
hotel_778,The Carlyle,New York,United States,"35 East 76th Street, New York, NY",10021,40.7744,-73.9631,ChIJEQ6D9pRYwokR5TXzH7ACo7I,READY_HIGH,"rosewoodhotels.com/the-carlyle-new-york (address); Google Maps (explicit place_id in URL, name-matched)",,,https://www.rosewoodhotels.com/en/the-carlyle-new-york,https://guide.michelin.com/us/en/hotels-stays/nyc/the-carlyle-186,2,confirmed,michelin_key_and_worlds_50_best
hotel_779,The Fifth Avenue Hotel,New York,United States,"1 West 28th Street, New York, NY",10001,40.744913,-73.9875253,,READY_HIGH,"thefifthavenuehotel.com (on-site Google Maps short-link, name-matched)",,,https://www.thefifthavenuehotel.com/,,2,confirmed,michelin_key_and_worlds_50_best
hotel_780,The Greenwich Hotel,New York,United States,"377 Greenwich Street, New York, NY",10013,40.7198261,-74.0099111,,READY_HIGH,thegreenwichhotel.com (on-site Google Maps short-link),,,https://www.thegreenwichhotel.com/,https://guide.michelin.com/us/en/hotels-stays/nyc/the-greenwich-hotel-6079,1,confirmed,michelin_key_and_worlds_50_best
hotel_781,The Mark,New York,United States,"25 East 77th Street (Madison Avenue at 77th Street), New York, NY",10075,40.7752444,-73.9634361,,READY_HIGH,themarkhotel.com (address); Wikipedia (corroborating coords),"Identity double-checked: Upper East Side property (Madison/77th), not another ""Mark""",,https://www.themarkhotel.com/,https://guide.michelin.com/en/hotels-stays/nyc/the-mark-hotel-5617,2,confirmed,michelin_key_and_worlds_50_best
