link_id,hotel_code,hotel_name,restaurant_code,restaurant_name,michelin_stars,link_confidence,evidence,hotel_address,restaurant_address,hotel_city,restaurant_city,country
link_0001,hotel_02,Central Park,rest_0021,Central Park,1,Exact,"street, number and postcode identical","Oosteinde 14, 2271 EH Voorburg","Oosteinde 14, 2271 EH Voorburg",Voorburg,Voorburg,Netherlands
link_0002,hotel_03,The Dylan,rest_0114,Vinkeles,2,Exact,"street, number and postcode identical","Keizersgracht 384, 1016 GA Amsterdam","Keizersgracht 384, 1016 GA Amsterdam",Amsterdam,Amsterdam,Netherlands
link_0003,hotel_13,Château Neercanne,rest_0022,Chateau Neercanne,1,Exact,"street, number and postcode identical","Von Dopfflaan 10, 6213 NG Maastricht","Von Dopfflaan 10, 6213 NG Maastricht",Maastricht,Maastricht,Netherlands
link_0004,hotel_14,TwentySeven,rest_0016,Bougainville,1,Exact,"user confirmation 28 July 2026 that Bougainville is the restaurant of the TwentySeven hotel; same street and postcode, different number (hotel 27, restaurant 9)","Dam 27, 1012 JS Amsterdam","Dam 9, 1012 JS Amsterdam",Amsterdam,Amsterdam,Netherlands
link_0005,hotel_17,De L'Europe,rest_0047,Flore,2,Exact,"street, number and postcode identical","Nieuwe Doelenstraat 2-14, 1012 CP Amsterdam","Nieuwe Doelenstraat 2-14, 1012 CP Amsterdam",Amsterdam,Amsterdam,Netherlands
link_0006,hotel_18,Botanic Sanctuary Antwerp,rest_0159,Hertog Jan at Botanic,2,Exact,"street, number and postcode identical","Leopoldstraat 26, 2000 Antwerpen","Leopoldstraat 26, 2000 Antwerpen",Antwerp,Antwerp,Belgium
link_0007,hotel_151,La Butte aux Bois,rest_0167,Ralf Berendsen,2,Exact,"street, number and postcode identical; city values differ (Lanaken / Neerharen)","Paalsteenlaan 90, 3620 Lanaken","Paalsteenlaan 90, 3620 Lanaken",Lanaken,Neerharen,Belgium
link_0008,hotel_23,Hotel Bareiss,rest_0175,Restaurant Bareiss,3,Exact,"street, number and postcode identical","Hermine-Bareiss-Weg 1, 72270 Baiersbronn-Mitteltal","Hermine-Bareiss-Weg 1, 72270 Baiersbronn-Mitteltal",Baiersbronn,Baiersbronn,Germany
link_0009,hotel_24,Hotel Traube Tonbach,rest_0176,Schwarzwaldstube,3,Exact,"street, number and postcode identical","Tonbachstraße 237, 72270 Baiersbronn-Tonbach","Tonbachstraße 237, 72270 Baiersbronn-Tonbach",Baiersbronn,Baiersbronn,Germany
link_0010,hotel_25,Schloss Elmau Luxury Spa Retreat & Cultural Hideaway,rest_0207,IKIGAI,2,Exact,"street, number and postcode identical; city values differ (Elmau / Krün)","In Elmau 2, 82493 Krün","In Elmau 2, 82493 Krün",Elmau,Krün,Germany
link_0011,hotel_26,Hotel Vier Jahreszeiten,rest_0180,Restaurant Haerlin,3,Exact,"street, number and postcode identical","Neuer Jungfernstieg 9-14, 20354 Hamburg","Neuer Jungfernstieg 9-14, 20354 Hamburg",Hamburg,Hamburg,Germany
link_0012,hotel_27,The Fontenay,rest_0200,Lakeside,2,Exact,"street, number and postcode identical","Fontenay 10, 20354 Hamburg","Fontenay 10, 20354 Hamburg",Hamburg,Hamburg,Germany
link_0013,hotel_89,Kempinski Hotel Berchtesgaden,rest_0188,PUR,2,Exact,"street, number and postcode identical","Hintereck 1, 83471 Berchtesgaden","Hintereck 1, 83471 Berchtesgaden",Berchtesgaden,Berchtesgaden,Germany
link_0014,hotel_95,Hotel Ketschauer Hof,rest_0194,L.A. Jordan,2,Exact,"street, number and postcode identical","Ketschauerhofstraße 1, 67146 Deidesheim","Ketschauerhofstraße 1, 67146 Deidesheim",Deidesheim,Deidesheim,Germany
link_0015,hotel_101,Vitalhotel Alter Meierhof,rest_0197,Meierei Dirk Luther,2,Exact,"street, number and postcode identical","Uferstraße 1, 24960 Glücksburg","Uferstraße 1, 24960 Glücksburg-Meierwik",Glücksburg,Glücksburg,Germany
link_0016,hotel_103,Das Achental Resort,rest_0179,ES:SENZ,3,Exact,"street, number and postcode identical","Mietenkamer Straße 65, 83224 Grassau","Mietenkamer Str. 65, 83224 Grassau-Grafing",Grassau,Grassau,Germany
link_0017,hotel_113,Parkhotel Egerner Höfe,rest_0219,Gourmetrestaurant Dichter,2,Exact,"street, number and postcode identical","Aribostraße 19-26, 83700 Rottach-Egern","Aribostraße 19, 83700 Rottach-Egern",Rottach-Egern,Rottach-Egern,Germany
link_0018,hotel_114,Esplanade Saarbrücken,rest_0221,Esplanade,2,Exact,"street, number and postcode identical","Nauwieserstraße 5, 66111 Saarbrücken","Nauwieserstraße 5, 66111 Saarbrücken",Saarbrücken,Saarbrücken,Germany
link_0019,hotel_115,La Maison,rest_0223,LOUIS restaurant,2,Exact,"street, number and postcode identical","Prälat-Subtil-Ring 22, 66740 Saarlouis","Prälat-Subtil-Ring 22, 66740 Saarlouis",Saarlouis,Saarlouis,Germany
link_0020,hotel_118,Söl’ring Hof,rest_0227,Söl'ring Hof,2,Exact,"street, number and postcode identical; city values differ (Sylt / Sylt/Rantum)","Am Sandwall 1, 25980 Sylt","Am Sandwall 1, 25980 Sylt",Sylt,Sylt/Rantum,Germany
link_0021,hotel_163,The Mandala Hotel,rest_0191,FACIL,2,Exact,"street, number and postcode identical","Potsdamer Straße 3, 10785 Berlin","Potsdamer Str. 3, 10785 Berlin",Berlin,Berlin,Germany
link_0022,hotel_179,RIVA - Das Hotel am Bodensee,rest_0206,Ophelia,2,Exact,"street, number and postcode identical","Seestraße 25, 78464 Konstanz","Seestraße 25, 78464 Konstanz",Konstanz,Konstanz,Germany
link_0023,hotel_182,Der Birkenhof Spa & Genuss Resort,rest_0215,Obendorfers Eisvogel,2,Exact,"street, number and postcode identical","Hofenstetten 55, 92431 Neunburg vorm Wald","Hofenstetten 55, 92431 Neunburg vorm Wald",Neunburg vorm Wald,Neunburg vorm Wald,Germany
link_0024,hotel_197,Hotel Oswald Gourmet & Spa,rest_0228,Oswald's Gourmetstube,2,Exact,"street, number and postcode identical; city values differ (Kaikenried / Teisnach)","Am Platzl 2, 94244 Teisnach-Kaikenried","Am Platzl 2, 94244 Teisnach-Kaikenried",Kaikenried,Teisnach,Germany
link_0025,hotel_251,Hotel Dollenberg,rest_0218,Le Pavillon,2,Exact,"street, number and postcode identical","Dollenberg 3, 77740 Bad Peterstal-Griesbach","Dollenberg 3, 77740 Bad Peterstal-Griesbach",Bad Peterstal-Griesbach,Bad Peterstal-Griesbach,Germany
link_0026,hotel_256,The Ritz-Carlton Wolfsburg,rest_0186,Aqua,3,Exact,"street, number and postcode identical","Parkstraße 1, 38440 Wolfsburg","Parkstraße 1, 38440 Wolfsburg-Sonderbezirk",Wolfsburg,Wolfsburg,Germany
link_0027,hotel_40,Hotel Tannenhof,rest_0277,Gourmetrestaurant Tannenhof,2,Exact,"street, number and postcode identical","Nassereinerstraße 98, 6580 St. Anton am Arlberg","Nassereinerstraße 98, 6580 St. Anton am Arlberg",St. Anton am Arlberg,St. Anton am Arlberg,Austria
link_0028,hotel_135,Burg Vital Resort,rest_0270,Griggeler Stuba,2,Exact,"street, number and postcode identical","Oberlech 568, 6764 Lech","Oberlech 568, 6764 Lech",Lech am Arlberg,Lech am Arlberg,Austria
link_0029,hotel_136,Walch's Rote Wand Gourmet Hotel,rest_0271,Rote Wand Chef's Table,2,Exact,"Rote Wand operator page 28 July 2026: guests meet at the Gourmet Hotel reception and are accompanied to the Schualhus; same street, different number (hotel 5, restaurant 6)","Zug 5, 6764 Lech","Zug 6, 6764 Lech",Lech am Arlberg,Lech am Arlberg,Austria
link_0030,hotel_144,Alpenresort Schwarz,rest_0273,Restaurant 141 by Joachim Jaud,2,Exact,"street, number and postcode identical; city values differ (Obermieming / Mieming)","Obermieming 141, 6414 Obermieming","Obermieming 141, 6414 Obermieming",Obermieming,Mieming,Austria
link_0031,hotel_49,Grand Resort Bad Ragaz,rest_0234,Memories,3,Exact,"Grand Resort Bad Ragaz operator CUISINE page 28 July 2026 lists Sven Wassmer Memories as a resort restaurant; same street and postcode, different number (hotel 20, restaurant 14)","Bernhard-Simonstrasse 20, 7310 Bad Ragaz","Bernhard-Simonstrasse 14, 7310 Bad Ragaz",Bad Ragaz,Bad Ragaz,Switzerland
link_0032,hotel_49,Grand Resort Bad Ragaz,rest_0243,IGNIV by Andreas Caminada,2,Exact,"Grand Resort Bad Ragaz operator CUISINE page 28 July 2026 lists IGNIV by Andreas Caminada as a resort restaurant; same street and postcode, different number (hotel 20, restaurant 14)","Bernhard-Simonstrasse 20, 7310 Bad Ragaz","Bernhard-Simonstrasse 14, 7310 Bad Ragaz",Bad Ragaz,Bad Ragaz,Switzerland
link_0033,hotel_50,Hotel Les Trois Rois,rest_0235,Cheval Blanc by Peter Knogl,3,Exact,"street, number and postcode identical; confirmed by MICHELIN restaurant listing (""in Hotel Les Trois Rois"")","Blumenrain 8, 4001 Basel","Blumenrain 8, 4001 Basel",Basel,Basel,Switzerland
link_0034,hotel_53,"The Woodward, Auberge Collection",rest_0247,L'Atelier Robuchon,2,Exact,"street, number and postcode identical; confirmed by MICHELIN restaurant listing (""in The Woodward, Auberge Collection"")","Quai Wilson 37, 1201 Genève","Quai Wilson 37, 1201 Genève",Geneva,Geneva,Switzerland
link_0035,hotel_58,The Chedi Andermatt,rest_0239,The Japanese Restaurant,2,Exact,"street, number and postcode identical; confirmed by MICHELIN restaurant listing (""in The Chedi Andermatt"")","Gotthardstrasse 4, 6490 Andermatt","Gotthardstrasse 4, 6490 Andermatt",Andermatt,Andermatt,Switzerland
link_0036,hotel_62,Hotel Eden Roc,rest_0241,La Brezza,2,Exact,"street, number and postcode identical","Via Albarelle 16, 6612 Ascona","Via Albarelle 16, 6612 Ascona",Ascona,Ascona,Switzerland
link_0037,hotel_73,Beau-Rivage Palace,rest_0249,Pic Beau-Rivage Palace,2,Exact,"street, number and postcode identical","Chem. de Beau-Rivage 21, 1006 Lausanne","Chem. de Beau-Rivage 21, 1006 Lausanne",Lausanne,Lausanne,Switzerland
link_0038,hotel_74,Lausanne Palace,rest_0248,La Table du Lausanne Palace,2,Exact,"street, number and postcode identical; confirmed by MICHELIN restaurant listing (""in Lausanne Palace"")","Rue du Grand-Chêne 7/9, 1003 Lausanne","Rue du Grand-Chêne 7-9, 1003 Lausanne",Lausanne,Lausanne,Switzerland
link_0039,hotel_76,"Mandarin Oriental Palace, Luzern",rest_0252,Colonnade,2,Exact,"street, number and postcode identical","Haldenstrasse 10, 6002 Luzern","Haldenstrasse 10, 6002 Luzern",Lucerne,Lucerne,Switzerland
link_0040,hotel_83,7132 Hotel,rest_0258,7132 Silver,2,Exact,"street, number and postcode identical; confirmed by MICHELIN restaurant listing (""in 7132 Hotel"")","Poststrasse 560, 7132 Vals","Poststrasse 560, 7132 Vals",Vals,Vals,Switzerland
link_0041,hotel_84,Park Hotel Vitznau,rest_0259,focus ATELIER,2,Exact,"street, number and postcode identical; confirmed by MICHELIN restaurant listing (""in Park Hotel Vitznau"")","Seestrasse 18, 6354 Vitznau","Seestrasse 18, 6354 Vitznau",Vitznau,Vitznau,Switzerland
link_0042,hotel_482,Monument Hotel,rest_0058,Lasarte,3,Exact,MICHELIN hotel card names Lasarte as the restaurant of Monument Hotel. Addresses differ only because the building is a corner property with two frontages: Passeig de Gracia 75 (hotel) and Carrer de Mallorca 259 (restaurant). Source attribution overrides the address match.,"Passeig de Gràcia 75, 08008 Barcelona","Carrer de Mallorca 259, 08008 Barcelona",Barcelona,Barcelona,Spain
link_0043,hotel_537,ABaC Restaurant & Hotel,rest_0002,ABAC,3,Exact,"street, number and city identical (Avinguda del Tibidabo 1); MICHELIN hotel card names ABaC","Avinguda del Tibidabo 1, 08022 Barcelona","Av. del Tibidabo 1, 08022 Barcelona",Barcelona,Barcelona,Spain
link_0044,hotel_541,Mandarin Oriental Barcelona,rest_0067,Moments,1,Exact,"same street and number (Passeig de Gracia 38); MICHELIN hotel card names Moments. NOTE: stored as 1 star — verify, see QA-087","Passeig de Gràcia 38-40, 08007 Barcelona","Passeig de Gràcia 38, 08007 Barcelona",Barcelona,Barcelona,Spain
link_0045,hotel_266,Grand Park Hotel Rovinj by Maistra Collection,rest_0426,Agli Amici Rovinj,2,Exact,"MICHELIN Croatia coverage states the restaurant is set in Grand Park Hotel Rovinj. Addresses differ because the complex fronts two streets: Smareglijeva ulica 1A for the hotel, Setaliste Vijeca Europe 1-2 for the restaurant on the marina promenade. Same two-frontage pattern as QA-084.","Smareglijeva ulica 1A, 52210 Rovinj","Setaliste Vijeca Europe 1-2, 52210 Rovinj",Rovinj,Rovinj,Croatia
link_0046,hotel_268,Platán Manor,rest_0427,Platán Gourmet,2,Exact,"street, number and city identical (Kastely ter 6, Tata)","Kastély tér 6, 2890 Tata","Kastély tér 6, 2890 Tata",Tata,Tata,Hungary
link_0047,hotel_291,Iniala Valletta,rest_0429,ION Harbour by Simon Rogan,2,Exact,"MICHELIN and Maltese coverage both place ION Harbour inside Iniala Harbour House. House numbers differ (10 vs 11 St. Barbara Bastion) because the property spans adjacent townhouses. NOTE: the matcher produced this link through a parser failure, not through a correct match - see QA-105.","10 St. Barbara Bastion, Valletta VLT 1961","11 St. Barbara Bastion, Valletta VLT 1961",Valletta,Valletta,Malta
link_0048,hotel_508,Akelarre,rest_0334,Akelaŕe,3,Exact,set on the restaurant row during import; consolidated into the join table 27 July 2026,"Padre Orkolaga Ibilbidea 56, 20008 Donostia-San Sebastián, Gipuzkoa","Padre Orkolaga Ibilbidea 56, 20008 Donostia-San Sebastián, Gipuzkoa",San Sebastian,San Sebastian,Spain
link_0049,hotel_545,Royal Hideaway Corales Suites,rest_0342,El Rincón de Juan Carlos,2,Exact,set on the restaurant row during import; consolidated into the join table 27 July 2026,"Avenida Virgen de Guadalupe 21, 38679 La Caleta, Santa Cruz de Tenerife","Avenida de la Virgen de Guadalupe 21, 38679 Adeje, Santa Cruz de Tenerife",Tenerife,Adeje,Spain
link_0050,hotel_535,Hotel Arts Barcelona,rest_0346,Enoteca Paco Pérez,2,Exact,set on the restaurant row during import; consolidated into the join table 27 July 2026,"Carrer de la Marina 19-21, 08005 Barcelona","Carrer de la Marina 19-21, 08005 Barcelona",Barcelona,Barcelona,Spain
link_0051,hotel_480,Atrio Restaurante Hotel,rest_0350,Atrio,3,Exact,set on the restaurant row during import; consolidated into the join table 27 July 2026,"Plaza San Mateo 1, 10003 Cáceres","Plaza San Mateo 1, 10003 Cáceres",Cáceres,Cáceres,Spain
link_0052,hotel_542,Hotel Maria Cristina,rest_0354,Amelia by Paulo Airaudo,2,Exact,set on the restaurant row during import; consolidated into the join table 27 July 2026,"República Argentina Kalea 4, 20004 Donostia-San Sebastián, Gipuzkoa","República Argentina Kalea 4, 20004 Donostia-San Sebastián, Gipuzkoa",San Sebastian,San Sebastian,Spain
link_0053,hotel_481,Pepe Vieira,rest_0369,Pepe Vieira,2,Exact,set on the restaurant row during import; consolidated into the join table 27 July 2026,"Camiño Serpe s/n, 36992 Raxó, Pontevedra","Camiño Serpe s/n, 36992 Raxó, Pontevedra",Pontevedra,Raxó,Spain
link_0054,hotel_440,Villa Crespi,rest_0378,Villa Crespi,3,Exact,set on the restaurant row during import; consolidated into the join table 27 July 2026,"Via Giuseppe Fava 18, 28016 Orta San Giulio NO","Via Giuseppe Fava 18, 28016 Orta San Giulio NO",Lake Orta,Orta San Giulio,Italy
link_0055,hotel_332,Therasia Resort Sea & Spa,rest_0388,I Tenerumi,2,Exact,set on the restaurant row during import; consolidated into the join table 27 July 2026,"Isola di Vulcano, 98050 Vulcanello ME","Isola di Vulcano, 98050 Vulcanello ME",Vulcano,Vulcano,Italy
link_0056,hotel_344,Capri Palace Jumeirah,rest_0396,L'Olivo,2,Exact,set on the restaurant row during import; consolidated into the join table 27 July 2026,"Via Capodimonte 14, 80071 Anacapri NA","Via Capodimonte 14, 80071 Anacapri NA",Capri,Anacapri,Italy
link_0057,hotel_321,Brunelleschi Hotel,rest_0402,Santa Elisabetta,2,Exact,set on the restaurant row during import; consolidated into the join table 27 July 2026,"Piazza Sant'Elisabetta 3, 50122 Firenze FI","Piazza Sant'Elisabetta 3, 50122 Firenze FI",Florence,Florence,Italy
link_0058,hotel_459,"The First Arte, Rome",rest_0417,Acquolina,2,Exact,set on the restaurant row during import; consolidated into the join table 27 July 2026,"Via del Vantaggio 14, 00186 Roma RM","Via del Vantaggio 14, 00186 Roma RM",Rome,Rome,Italy
link_0059,hotel_460,Terra - The Magic Place,rest_0419,Terra The Magic Place,2,Exact,set on the restaurant row during import; consolidated into the join table 27 July 2026,"Prati 21, 39058 Sarentino BZ","Prati 21, 39058 Sarentino BZ",Sarentino,Sarentino,Italy
link_0060,hotel_540,"Mandarin Oriental Ritz, Madrid",rest_0042,Deessa,2,Exact,Deessa sits inside the Mandarin Oriental Ritz; added with the MA-006 correction,"Plaza de la Lealtad 5, 28014 Madrid","Plaza de la Lealtad 5, 28014 Madrid",Madrid,Madrid,Spain
link_0061,hotel_644,The Ritz-Carlton Tokyo,rest_0494,Héritage by Kei Kobayashi,1,Exact,the MICHELIN hotel card names this restaurant and the MICHELIN restaurant card names this hotel,"Tokyo Midtown, 9-7-1 Akasaka, Minato City, Tokyo 107-6245","45F, The Ritz-Carlton Tokyo, 9-7-1 Akasaka, Minato City, Tokyo 107-6245",Tokyo,Tokyo,Japan
link_0062,hotel_647,Bvlgari Hotel Tokyo,rest_0495,Il Ristorante - Niko Romito,1,Exact,the MICHELIN hotel card names this restaurant and the MICHELIN restaurant card names this hotel,"2-2-1 Yaesu, Chuo City, Tokyo 104-0028","Bvlgari Hotel Tokyo, 2-2-1 Yaesu, Chuo City, Tokyo 104-0028",Tokyo,Tokyo,Japan
link_0063,hotel_658,Park Hyatt Kyoto,rest_0496,Sanso Kyoyamato,2,Exact,the MICHELIN hotel card names this restaurant and the MICHELIN restaurant card names this hotel,"360 Masuyacho, Higashiyama Ward, Kyoto 605-0826","359 Masuyacho, Higashiyama Ward, Kyoto 605-0826",Kyoto,Kyoto,Japan
link_0064,hotel_659,Four Seasons Hotel Tokyo at Otemachi,rest_0497,est,1,Exact,the MICHELIN hotel card names this restaurant and the MICHELIN restaurant card names this hotel,"1-2-1 Otemachi, Chiyoda City, Tokyo 100-0004","39F, Four Seasons Hotel Tokyo at Otemachi, 1-2-1 Otemachi, Chiyoda City, Tokyo 100-0004",Tokyo,Tokyo,Japan
link_0065,hotel_687,Kanamean Nishitomiya,rest_0498,Kanamean Nishitomiya,1,Exact,the MICHELIN hotel card names this restaurant and the MICHELIN restaurant card names this hotel,"562 Honeyanocho, Nakagyo Ward, Kyoto 604-8064","562 Honeyanocho, Nakagyo Ward, Kyoto 604-8064",Kyoto,Kyoto,Japan
link_0066,hotel_674,Hotel New Otani Tokyo - Executive House ZEN,rest_0499,Tour d'Argent Tokyo,1,Exact,the MICHELIN hotel card names this restaurant and the MICHELIN restaurant card names this hotel,"11-12F, 4-1 Kioicho, Chiyoda City, Tokyo 102-8578","Lobby Floor, Hotel New Otani, 4-1 Kioicho, Chiyoda City, Tokyo 102-8578",Tokyo,Tokyo,Japan
link_0067,hotel_59,Tschuggen Grand Hotel,rest_0240,La Brezza,3,Exact,MICHELIN card 28 July 2026 states the restaurant is part of the Tschuggen Grand Hotel; identical street address and telephone number,"Tschuggentorweg 1, 7050 Arosa","Tschuggentorweg 1, 7050 Arosa",Arosa,Arosa,Switzerland
link_0068,hotel_56,Carlton Hotel St. Moritz,rest_0254,Da Vittorio - St. Moritz,2,Exact,MICHELIN card 28 July 2026 names it the restaurant of the Carlton Hotel; identical street address and telephone number,"Via Johannes Badrutt 11, 7500 St. Moritz","Via Johannes Badrutt 11, 7500 St. Moritz",St. Moritz,St. Moritz,Switzerland
