issue_id,category,severity,scope,affected,description,recommended_action,status
QA-001,Data error,High,Germany,Germany Two-Key tier,"MICHELIN's German country article is served in two editions. The 2024 edition states 6 Three-Key / 36 Two-Key / 80 One-Key and lists the Two-Key hotels in full. The 2025 edition states 6 / 34 / 90 and names Vitalhotel Alter Meierhof (Gluecksburg) as the ONLY new Two-Key. 36 + 1 new = 37, but 2025 shows 34 -- so roughly 3 hotels left the Two-Key tier and I cannot identify which from available sources. Germany Two-Key NOT loaded. RESOLVED: 2024 list = 36. 2025 list omits Baiersbronn Hotel Engel Obertal, Berlin Hotel am Steinplatz and Cologne Excelsior Hotel Ernst (all three absent from continuous alphabetical stretches of the 2025 list) and adds Gluecksburg Vitalhotel Alter Meierhof. 36 - 3 + 1 = 34, matching MICHELIN exactly.",Reconcile against the 2025 edition before loading; do not import the 2024 list as-is,Resolved
QA-002,Data error,High,Reporting,Germany total Key count in earlier batch report,"My Batch 03 report said Germany has 90 Key hotels total, based on an English trade article that read MICHELIN's '90 One-Key' as '90 total'. MICHELIN's own German article states 6 Three-Key + 34 Two-Key + 90 One-Key = 130. The Germany figures in batch_report_luxembourg_germany.md and later progress tables are wrong.","Germany total is 130, not 90. Global remaining work is larger than previously reported.",Open
QA-003,Data error,Medium,Netherlands,hotel_14 / rest_0016 address conflict,"hotel_14 Hotel TwentySeven is recorded at Dam 27; rest_0016 Bougainville is recorded at Dam 9. Both came from the original source files. Bougainville is TwentySeven’s restaurant, so the link is correct, but one of the two addresses is wrong.",Verify both addresses against MICHELIN and correct whichever is wrong,Open
QA-004,Data error,Low,Switzerland,rest_0240 La Brezza address,"rest_0240 La Brezza (Arosa) has only ""Arosa"" in the address field — no street or number. This is the only Manual Review link in the database.","Add the street address (Tschuggen Grand Hotel, Tschuggentorweg 1) on the restaurant side",Resolved
QA-010,Completeness,High,Switzerland,3 possible Two-Key hotels not loaded,MICHELIN's 2024 Swiss list shows 32 Two-Key; the 2025 article excerpt listed 30 and truncated mid-entry at the final Zurich item. The Dolder Grand and Widder Hotel (both Zurich) appear as Two-Key in 2024; Park Gstaad is similarly uncertain.,Confirm 2025 status and add if still Two-Key,Open
QA-011,Completeness,High,Belgium,Reylof key count + 6th Belgian hotel,"Pillows Grand Boutique Hotel Reylof Ghent is near-certainly One Key (Pillows states 4 Keys across 3 hotels; NL holds 1+2, forcing Reylof=1) but the count was never read off a MICHELIN page. Belgium is reported as 6 Key hotels; 4 delivered, 1 pending, 1 unidentified. RESOLVED by MICHELIN Guide screenshots: Pillows Reylof Ghent confirmed One Key (matching the earlier arithmetic inference). Belgium is not 6 hotels but 15 — see QA-053.",Confirm Reylof from MICHELIN page; identify the 6th Belgian Key hotel,Resolved
QA-012,Completeness,Medium,Belgium,Boutique Hotel Sablon / NH Collection Grand Sablon,"Both have MICHELIN Guide pages but no Key line ever surfaced, unlike all four confirmed Belgian hotels. Likely selected-but-not-keyed. RESOLVED: neither Boutique Hotel Sablon nor NH Collection Grand Sablon appears in the MICHELIN Belgium Key listing. Both are selected-but-not-keyed, as inferred. Excluded permanently.","Confirm not keyed, then exclude permanently",Resolved
QA-013,Completeness,High,All,76 blank michelin_url values,"michelin_url populated on 11 of 87 rows. Country-tier articles do not expose per-hotel page IDs, and the numeric ID cannot be constructed from the slug.","Backfill in the global QA pass, one targeted search per hotel",Open
QA-014,Completeness,Medium,All,13 hotel names unverified against MICHELIN,"The original 17 NL rows use a city-stripped convention that conflicts with the frozen ""exactly as MICHELIN publishes"" rule. 2 renames applied (Pulitzer Amsterdam, Rosewood Amsterdam); 12 NL rows plus hotel_26 remain unverified. See hotel_name_convention_audit.csv.",Verify all 13 against MICHELIN hotel pages,Open
QA-020,Link confidence,Medium,Switzerland,"hotel_49 Grand Resort Bad Ragaz → rest_0234, rest_0243","Campus links. Hotel at Bernhard-Simonstrasse 20, both restaurants at 14. MICHELIN describes the resort as home to Three-, Two- and One-Star restaurants, so the link is well supported but is not an exact address match.",Confirm both restaurants sit within the resort,Open
QA-021,Link confidence,Medium,Netherlands,hotel_14 → rest_0016,Campus link caused by the address conflict in QA-003.,"Resolve QA-003, then regrade",Open
QA-022,Link confidence,Medium,Switzerland,hotel_59 → rest_0240,Manual Review link caused by the missing street address in QA-004.,"Resolve QA-004, then regrade",Open
QA-030,Convention,Medium,"Germany, Switzerland, Netherlands",Destination vs postal municipality,"Three cases where MICHELIN destination and postal municipality differ: hotel_25 Schloss Elmau (Elmau / Kruen, and rest_0207 IKIGAI uses Kruen), hotel_51 Buergenstock Resort (Buergenstock / Obbuergen), hotel_05 Van Oys (Maastricht / Eijsden). Left unchanged per your instruction.",Resolve with the planned separate destination/postal field,Open
QA-031,Schema,Medium,All,Six requested fields have no column,"postal_code, phone_number, cuisine, description, michelin_key_status, michelin_status were verified for the original 17 but have no home in the 20-column schema. Held in hotels_supplementary_fields_NOT_FOR_IMPORT.csv.","Add columns at next migration, then import the supplementary file",Open
QA-032,Schema,Medium,All,No michelin_keys award year,"michelin_keys records how many keys but not which year. The planned ""Michelin Key history"" feature cannot be built on this column.",Add michelin_keys_year or a separate history table,Open
QA-033,Schema,Low,All,Multi-value restaurant columns,"hotel_49 uses comma-separated values in restaurant_names / restaurant_codes. Confirm the Supabase import handles this, or promote hotel_restaurant_links.csv to a join table.",Confirm import behaviour or migrate to a join table,Open
QA-034,Data quality,Low,All,booking_url and worlds_50_best columns,booking_url is empty on 79 of 87 rows and one existing value is a session-encoded deep link that will rot. worlds_50_best_rank / _year are 100% NULL and their intended meaning for hotels is unconfirmed.,Confirm intent for both column pairs,Open
QA-035,Coverage,Medium,DACH + Belgium,Restaurant table holds only 2- and 3-star rows outside NL/LU,"Germany 47x2* + 12x3*, Switzerland 27x2* + 4x3*, Austria 18x2* + 2x3*, Belgium 19x2* + 2x3* — no 1-star rows. Most Key hotels with a restaurant have a ONE-star restaurant, so link rates are structurally capped.",Extend restaurant coverage to 1-star in DACH to raise link yield,Open
QA-036,Data quality,Low,Luxembourg,La Cristallerie missing from restaurant table,"hotel_22 Le Place d’Armes has has_michelin_restaurant=true (MICHELIN names the starred La Cristallerie on the hotel page) but the restaurant is absent from your table, so restaurant_codes is empty.",Add La Cristallerie on the restaurant side,Open
QA-037,Data quality,Low,Germany,hotel_28 Althoff Seehotel Ueberfahrt,"has_michelin_restaurant set false. The hotel historically housed Christian Juergens’ three-star Ueberfahrt; the only Rottach-Egern restaurant in your table is rest_0219 Dichter at a different address. RESOLVED: rest_0219 Dichter matches Parkhotel Egerner Hoefe at Aribostrasse 19 exactly, so it is not Ueberfahrt’s restaurant. hotel_28 has_michelin_restaurant=false stands.",Confirm current star status before trusting the false,Resolved
QA-040,Data error,High,Germany,Seesteg Norderney — NOT IMPORTED,"Google Places returns ""Restaurant Seesteg"" for this property, not the hotel. Using that place_id would violate the rule that Place IDs must resolve to the hotel itself. Hotel excluded from the batch. RESOLVED: hotel-level Place ID found under ""Relais & Chateaux Hotel Seesteg"" (ChIJdVN7v08FtkcROqcuWm_SFJg, type=hotel). Imported as hotel_116.","Obtain the hotel-level Place ID, then import",Resolved
QA-041,Completeness,Medium,Germany,"3 Two-Key hotels not imported (Severin’s, BUDERSAND, Weissenhaus)","PARTIALLY RESOLVED. Landhaus Stricker and Soel’ring Hof confirmed Two Keys directly from their MICHELIN hotel pages and imported. Severin’s Resort & Spa (URL /sylt/severins-10244), BUDERSAND Hotel - Golf & Spa (/sylt/budersand-hotel-golf-spa-9695) and Weissenhaus Private Nature Luxury Resort still have no Key line read from a MICHELIN page. Place IDs, coordinates and addresses already captured and held in this issue.","Confirm Key line on the three MICHELIN pages, then import; 31 of 34 imported",Open
QA-042,Data error,Medium,Germany,hotel_91 Patrick Hellmann Schlosshotel,"MICHELIN publishes ""Patrick Hellmann Schlosshotel""; Google returns ""Schlosshotel Berlin"" for the same Place ID, suggesting a rebrand. Possible renamed-hotel case. RESOLVED: MICHELIN Guide listing shows ""Patrick Hellmann Schlosshotel"". Name stands.",Verify current MICHELIN name,Resolved
QA-043,Data error,Medium,Germany,hotel_100 Sofitel Frankfurt Opera address,"Google returns ""Nur Hier Zufahrt Zum, Hochstrasse 44"" (a junk prefix plus a service entrance). The hotel publishes Opernplatz 16. Address stored as Hochstrasse 44 pending verification.",Verify the street address against MICHELIN,Open
QA-044,Convention,Low,Germany,City field cleanup,"Google appended district suffixes on 8 German rows (Dresden-Kempinski, Duesseldorf-Stadtbezirk 1, Muenchen-Maxvorstadt, Grassau-Grafing, Gluecksburg (Ostsee)-Meierwik, Neustadt). Normalised to the postal city in address; city holds the MICHELIN destination.",Spot-check the 8 normalised addresses,Open
QA-045,Convention,Low,Germany,hotel_100 city value,"city set to ""Frankfurt am Main"" to join with existing restaurant rows; MICHELIN’s English article uses ""Frankfurt"". Flagged earlier as an open judgement call.",Confirm preferred form,Open
QA-046,Convention,Low,Germany,hotel_106 Das Kranzbach,"MICHELIN destination ""Kranzbach""; postal municipality is Kruen (82493), the same postcode as hotel_25 Schloss Elmau. Fourth destination-vs-postal case.",Covered by the planned destination/postal field,Open
QA-047,Data error,Low,Germany,hotel_115 name corrected,"MICHELIN’s country list renders this as ""LA MAISON"" but the hotel page publishes ""La Maison"". Corrected to the hotel-page form and michelin_url added (120708-9980).",None — corrected,Resolved
QA-048,Data error,Medium,Process,Address matcher false positive,"The auto-linker matched on street name + postcode only, ignoring house number. In Ischgl this linked rest_0269 Stuva (Dorfstrasse 73) to BOTH hotel_129 Trofana Royal (95) and hotel_130 Schlosshotel Ischgl (85). Stuva belongs to neither. Matcher tightened to require an exact house-number match; both false links removed before export.",Re-verify earlier batches built with the looser rule during QA,Resolved
QA-049,Completeness,High,Austria,17 One-Key hotels not imported,"MICHELIN 2025 Austria article lists 45 One-Key hotels; the excerpt truncated at ""Palt: MA[LAT]"". The remaining 17 (Salzburg x3, Seefeld in Tirol x2, Soelden x2, Tux, Uderns, Vienna x8, Zell am Ziller) appear in the 2024 MICHELIN list but were not read from the 2025 list.","Read the tail of the 2025 list, then import; 28 of 45 imported",Open
QA-050,Data error,Medium,Austria,Walch’s Rote Wand Gourmet Hotel place lookup,"First Google Places lookup returned ""Rote Wand Chef’s Table"" (type=fine_dining_restaurant), not the hotel — the same failure mode as Seesteg Norderney (QA-040). Correct hotel record found on retry: ""Rote Wand Gourmet Hotel"", Zug 5, place_id ChIJ__6lUQCnnEcRrSEW6JsST_0.",None — resolved; pattern noted for future lookups,Resolved
QA-051,Link confidence,Low,Austria,hotel_136 → rest_0271,"Campus link. Hotel at Zug 5, Rote Wand Chef’s Table at Zug 6 — the restaurant is part of the same hotel complex.",Confirm during QA,Open
QA-052,Data error,Medium,Austria,hotel_40 Hotel Tannenhof tier change,Hotel Tannenhof (St. Anton am Arlberg) appears in the 2024 MICHELIN One-Key list but was promoted to Two Keys in 2025 and is already imported as hotel_40 with michelin_keys=2. Excluded from this One-Key batch to avoid a duplicate at the wrong tier.,None — handled; noted for audit,Resolved
QA-053,Data error,High,Belgium,Belgium country total corrected 6 → 15,"Every earlier Belgian figure traced to a third-party travel blog stating ""Michelin’s Belgium rollout recognized 6 hotels in total"". The MICHELIN Guide listing supplied by the user shows 15 Key hotels: 2 Two-Key and 13 One-Key. The blog was wrong and was the only source for that number.",Country total updated to 15; Belgium now complete,Resolved
QA-054,Data error / quarantine,High,Belgium,rest_0158 La Paix location data,La Paix is temporarily closed and relocating from Rue Ropsy-Chaudron 49 in Anderlecht to Corinthia Grand Hotel Astoria Brussels. The quarantined row currently contains Rue Royale 103 with Brussels coordinates and a Place ID that does not safely identify La Paix. Those values must not be imported as the restaurant location.,"Keep rest_0158 outside the production import unless the former Anderlecht address, coordinates and Place ID can all be verified. Otherwise wait until reopening, then update the venue and create a relationship to hotel_153.",Open
QA-055,Convention,Low,Belgium,hotel_151 → rest_0167 city mismatch,"Exact address match (Paalsteenlaan 90, 3620 Lanaken) but hotel city is Lanaken while rest_0167 Ralf Berendsen uses Neerharen, a village within Lanaken. Fifth destination-vs-locality case.",Covered by the planned destination/postal field,Open
QA-056,Coverage,Medium,Belgium,6 hotel restaurants absent from restaurant table,"The MICHELIN listing names LOF (Reylof), Fine Fleur (Botanic Sanctuary), Restaurant Aurum (Kasteel van Ordingen), Bistrôt Le Ciel (La Butte aux Bois), Arden (Château de Vignée) and le Petit bon bon (Corinthia). None is in the restaurant table, which holds only 2- and 3-star Belgian rows. These are likely one-star or unstarred.",Extend Belgian restaurant coverage to one-star to unlock these links,Open
QA-057,Data error,High,Germany,hotel_100 Sofitel Frankfurt Opera key count,"CONFLICT between two MICHELIN sources. The 2025 German country article lists ""Frankfurt: Sofitel Frankfurt Opera"" under the Two-Key heading, and it was imported with michelin_keys=2. The MICHELIN Guide listing screenshot appears to show a single key icon for this property. The icon sits at the clipped top edge of the screenshot, so the reading is not certain. NOT changed pending confirmation.",Open the Sofitel Frankfurt Opera MICHELIN hotel page and read the Key line directly,Open
QA-058,Data error,Medium,Germany,Widmann's Loewen NOT IMPORTED,"Google Places returns ""Widmann's Alb.leben"" (a restaurant/hotel sibling) for this property at Struthstrasse 17, Koenigsbronn-Zang. Third occurrence of the restaurant-outranks-hotel pattern (see QA-040 Seesteg, QA-050 Rote Wand). Hotel excluded rather than risk a restaurant-level Place ID. RESOLVED: MICHELIN listing confirms name ""Widmann's Loewen"" and city Koenigsbronn. The Google record (Widmann's Alb.leben, same address, type=hotel) covers the combined property. Imported as hotel_251.","Obtain the hotel-level Place ID, then import",Resolved
QA-059,Data error,Medium,Germany,"hotel_26 renamed to ""Hotel Vier Jahreszeiten""","MICHELIN listing shows the Hamburg Three-Key property as ""Hotel Vier Jahreszeiten"", not ""Fairmont Hotel Vier Jahreszeiten"". Renamed. Distinct from hotel_159 ""Hotel Vier Jahreszeiten Kempinski"" in Munich (One Key) — names remain unique.",None — corrected,Resolved
QA-060,Data error,Medium,Germany,"2024 Two-Key hotels were downgraded, not dropped","QA-001 concluded that Hotel Engel Obertal, Hotel am Steinplatz and Excelsior Hotel Ernst ""left the Two-Key tier"". The MICHELIN listing shows Excelsior Hotel Ernst holding ONE key, so they were downgraded rather than removed. The 36-3+1=34 arithmetic and the resulting Two-Key list were still correct; only the interpretation was wrong. Excelsior imported here as hotel_162 with one key. RESOLVED: the MICHELIN listing shows Excelsior Hotel Ernst, Hotel Engel Obertal and Roomers Berlin Steinplatz (formerly Hotel am Steinplatz) all holding ONE key. All three downgraded, not removed, and all three are now imported.","Confirm Engel Obertal and am Steinplatz also sit at One Key, then import",Resolved
QA-061,Completeness,Medium,Germany,Screenshot coverage is partial,The four German screenshots show roughly 48 cards; Germany has 130 Key hotels. 28 new One-Key hotels were read and imported. The remaining German One-Key hotels (approximately 60) are not yet covered. RESOLVED: 61 further One-Key hotels read from nine MICHELIN listing screenshots and imported. Germany One-Key now 89 of 90.,Supply further screenshots or continue via the MICHELIN country article,Resolved
QA-062,Convention,Low,Germany,hotel_173 Villa Sonnenhof / hotel_175 Althoff Bensberg,Two more destination-vs-postal cases: MICHELIN city Bad Reichenhall vs postal Bayerisch Gmain; MICHELIN city Bensberg vs postal Bergisch Gladbach.,Covered by the planned destination/postal field,Open
QA-063,Validation,High,Monaco,Non-keyed hotels visible in the MICHELIN listing,"The Monaco screenshot shows 6 cards, but only 2 carry key icons: Hotel de Paris Monte-Carlo (3) and Hotel Metropole Monte Carlo (2). Hermitage Monte-Carlo, Fairmont Monte Carlo, Monte Carlo Bay Hotel & Resort and Columbus Monte-Carlo show NO key icon. First direct visual confirmation that the MICHELIN hotel listing mixes Key holders with merely selected hotels. The four non-keyed properties were NOT imported.",None — confirms the guide-listed vs keyed distinction applied throughout,Resolved
QA-064,Completeness,Low,Brazil,Brazil country total unconfirmed,"PARTIALLY RESOLVED. Singapore (7), Monaco (2) and Aruba (1) confirmed complete by the user against the MICHELIN Guide listing; all three now show 100%. Brazil remains at a single imported hotel (Copacabana Palace) with an unconfirmed national total and is almost certainly incomplete.","Establish the Brazilian Key total, then complete the country",Open
QA-065,Coverage,Low,"Singapore, Monaco, Brazil, Aruba",No restaurant links possible,"Zero links. The restaurant table holds 3 Singapore rows (all three-star: none at these hotels), 1 Brazil row, and nothing for Monaco or Aruba. MICHELIN names Mee (Copacabana Palace), Butcher’s Block (Raffles), Fiamma (Capella), Jiang-Nan Chun (Four Seasons), Em Sherif (Hotel de Paris) and Les Ambassadeurs (Metropole) — none present.",Extend restaurant coverage if these markets matter for launch,Open
QA-066,Data error,Medium,Germany,Hotel Gut Immenhof NOT IMPORTED,"Google Places returns ""Gut Rothensande"" (Rothensande 1, 23714 Malente) for this query — a different estate near Malente, not Gut Immenhof. No hotel-level Place ID obtained. This is the only one of the 62 screenshot hotels not imported.","Obtain the correct Place ID for Hotel Gut Immenhof, then import",Open
QA-067,Data error,High,Switzerland,rest_0254 Da Vittorio address wrong — link reassigned,"rest_0254 Da Vittorio is stored at Via Serlas 27, 7500 St. Moritz, which is Badrutt’s Palace Hotel. That produced an EXACT-confidence link to hotel_55. The MICHELIN restaurant listing states Da Vittorio - St. Moritz is ""in Carlton Hotel St. Moritz"" (Via Johannes Badrutt 11). Link moved to hotel_56; hotel_55 now has no starred restaurant. Second case of a wrong restaurant address producing a false Exact link (see QA-054 La Paix).",Correct rest_0254 address to Via Johannes Badrutt 11 on the restaurant side,Open
QA-068,Completeness,Medium,Switzerland,5 hotels named by MICHELIN but absent from the database,"The Swiss restaurant listing names five hotels not yet imported: Widder Hotel and The Dolder Grand (both Zurich, both in the 2024 Two-Key list — see QA-010), Giardino Mountain (Champfer near St. Moritz), Casa Caminada (Fuerstenau, home of three-star Schloss Schauenstein, previously described by MICHELIN as One-Key) and Einstein St. Gallen. The ""in <hotel>"" field links to any MICHELIN Guide hotel, keyed or not, so Key status is NOT established by these cards. UPDATE: place data captured for all five plus Park Gstaad, held in switzerland_pending_key_verification.csv. Key counts still unverified so none imported.","Verify Key status for all five, then import; would also close QA-010",Partially resolved
QA-069,Data quality,Low,All,"MICHELIN ""in <hotel>"" field is optional","Michelin populates the hotel field on some restaurant cards and not others. Pic Beau-Rivage Palace, Sven Wassmer Memories, IGNIV Bad Ragaz and Colonnade all sit inside hotels already linked in our data, yet show no hotel field. Absence of the field is not evidence against a link.","Treat the field as confirmatory only, never as a negative signal",Resolved
QA-070,Data quality,Low,Switzerland,Ecco Ascona hotel attribution unclear,"Both Ecco St. Moritz and Ecco (Ascona) display ""Giardino Mountain"" as their hotel. Giardino Mountain is near St. Moritz; the Ascona sister property is Giardino Ascona. The Ascona card may show the wrong hotel, or the reading is mistaken.",Verify before linking either Ecco restaurant,Open
QA-071,Completeness,Medium,"Croatia, Hungary, Serbia, Andorra, Malta, Montenegro, Slovenia",Seven new countries imported from partial views,"48 hotels imported: Croatia 10, Hungary 12, Serbia 4, Andorra 4, Malta 6, Montenegro 6, Slovenia 6. Every screenshot is a scrolled view showing only the lower rows of each listing, so hotels above the visible area are missing. The Serbia and Andorra pages show pagination ""1"", meaning single-page lists, but the upper rows were still not captured. National Key totals are unknown for all seven.","Capture the full listing per country, then complete",Open
QA-072,Data error,Medium,Andorra,"L'Ovella Negra Mountain — incomplete address, weak Place record","First lookup returned L'Ovella Negra Xiringuito (type=restaurant), the fourth occurrence of the restaurant-outranks-hotel pattern (QA-040, QA-050, QA-058). Retry found L´Ovella Negra Mountain Lodge (place_id ChIJ73fKEyVjrxIRBwLHrLTQd6k) but the Google record carries no street address and type is 'lodging' rather than 'hotel'. Imported with address 'AD100 Canillo' only.",Obtain a full street address from the hotel website,Open
QA-073,Convention,Low,"Montenegro, Hungary, Slovenia, Croatia",4 name/locality mismatches,"MICHELIN name vs Google record: SIRO Boka Place / SIRO Porto Montenegro (same Tivat property); Platán Manor / Platán Udvarház (Tata); Nebesa Chalets / Nebesa Tourist Houses (Kobarid). Locality: Chalet Sofija is MICHELIN city Kranjska Gora, postal Gozd Martuljek. MICHELIN names and cities used throughout.",Confirm during QA; sixth destination-vs-postal case logged,Open
QA-074,Coverage,Low,Seven new countries,No restaurant links possible,"Zero links across all 48 hotels. MICHELIN cards name Zinfandel’s (Esplanade Zagreb), Platán Gourmet, KOLLÁZS (Four Seasons Gresham), Spago by Wolfgang Puck (Matild Palace), L’Adresse (SAINT TEN), Ebisu (Square Nine), Ibaya (Sport Hotel Hermitage), Grain Street (Rosselli), ION Harbour by Simon Rogan (Iniala) and De Mondion (Xara Palace). None is present in the restaurant table, which holds only two- and three-star rows for these markets.",Extend restaurant coverage if these markets matter for launch,Open
QA-075,Data error,Medium,Poland,Bachleda Residence Zakopane NOT IMPORTED,"Google Places returns ""Bachleda Resort Zakopane"" (Kazimierza Przerwy-Tetmajera 16). MICHELIN publishes ""Bachleda Residence Zakopane"". Bachleda operates more than one property in Zakopane, so Resort and Residence may be different buildings. Excluded rather than risk attaching the wrong Place ID, consistent with the handling of Hotel Gut Immenhof (QA-066).","Confirm which Bachleda property holds the Key, obtain its Place ID, then import",Open
QA-076,Data error,Medium,Poland,Quadrille first lookup returned the spa,"Searching ""Quadrille"" returned ""Quadrille Spa"" (types: spa, massage, swimming_pool — no hotel type) at Folwarczna 2, Gdynia. Retry found ""Hotel Quadrille Relais & Chateaux"" at the same address, place_id ChIJm-3nw5Wg_UYRlZOqkN8Vbo8. Fifth occurrence of the facility-outranks-hotel pattern (QA-040 Seesteg, QA-050 Rote Wand, QA-058 Widmann’s, QA-072 L’Ovella Negra). A guest review on the correct record independently mentions two MICHELIN keys, matching the screenshot.",None — resolved; pattern now confirmed across five countries,Resolved
QA-077,Convention,Low,Poland,Jaskolka Dom i SPA name mismatch,"Google lists this property as ""Swallow Manor"" (Wolnosci 10, Szklarska Poreba). ""Jaskolka"" is Polish for swallow, so this is the same property under an English trading name. MICHELIN name retained.",Confirm during QA,Open
QA-078,Completeness,Medium,Poland,Poland imported from a partial view,"11 of 12 visible hotels imported (7 Two-Key, 4 One-Key). The screenshot is a scrolled view showing only the lower rows, so hotels above the visible area are missing, and the national Key total is unknown.","Capture the full Polish listing, then complete",Open
QA-079,Completeness,High,Spain,Large import backlog,"Italy roster 144 hotels: 60 imported, 84 pending Google Place IDs. Spain roster 109 hotels: 0 imported, 109 pending. Both rosters are captured in full (name, city, key count, MICHELIN restaurant, status column) so no screenshot data can be lost; only the Place ID lookups remain. UPDATE: Italy complete — all 144 roster hotels imported. Spain remains at 0 of 109. RESOLVED: Spain complete at 109 of 109. Both rosters fully imported.",Continue in blocks of ~40; roster status column tracks progress,Resolved
QA-080,Convention,Low,Italy,6 destination-vs-postal cases in batch 2,"MICHELIN city vs postal municipality: Capri Palace Jumeirah (Capri / Anacapri), Mediterraneo Sorrento (Sorrento / Sant’Agnello), Villa Fontelunga (Foiano della Chiana / Pozzo della Chiana), Cascioni Eco Retreat (Costa Smeralda / Arzachena), San Luis Retreat (Avelengo / Hafling), Goldene Rose Karthaus (Schnals / Senales). MICHELIN city retained; native address kept. Bilingual South Tyrol names (Avelengo/Hafling, Schnals/Senales) are a new variant of this pattern.",Covered by the planned destination/postal field,Open
QA-081,Coverage,High,Italy,Zero restaurant links across 60 Italian hotels,"Neither Italian batch produced a single hotel-restaurant link. The restaurant table holds 12 Italian rows; 43 of the 144 MICHELIN hotel cards name a restaurant (Glicine, Zass, Arva, Imàgo, La Sponda, L’Olivo, Al Gatto Verde, Saporium and others). For Spain the ratio is 3 matches out of 39 named restaurants against 8 stored rows.",Decide before launch whether the restaurant table extends to one-star; Italy and Spain hold the bulk of the missing relationships,Open
QA-082,Convention,Low,Italy,5 further destination-vs-postal cases,"MICHELIN city vs postal municipality in batch 3: Castello di Vicarello (Cinigiano / Poggi del Sasso), Villa La Massa (Florence / Candeli), Corte della Maestà (Civita di Bagnoregio / Civita), Wine Relais Feudi del Pisciotto (Niscemi, contrada address), Donna Coraly (Syracuse, contrada address). Also note Google lists Corte della Maestà under an English translation, ""Court of Majesty - Ancient Residence""; MICHELIN name retained.",Covered by the planned destination/postal field,Open
QA-083,Coverage,High,Italy,Italy complete at 144 hotels with zero restaurant links,"All 144 Italian Key hotels are imported and not one produced a hotel-restaurant link. The restaurant table holds 12 Italian rows and none share an address with these hotels. Notably Villa Crespi is in the database as a hotel while its two-star restaurant of the same name is absent, and the same applies to Signum, Don Carlos, Rossellinis, Saporium, Due Camini, La Sponda, L’Olivo, Imàgo, Zass, Arva and Glicine — 43 of the 144 cards name a restaurant.",Extend the restaurant table to Italian one- and two-star before launch; this is now the single largest gap in the database,Open
QA-084,Link confidence,Medium,Spain,hotel_482 Monument Hotel → rest_0058 Lasarte,"Linked manually. Address matching fails because Monument Hotel occupies a corner building with two street frontages — Passeig de Gracia 75 for the hotel, Carrer de Mallorca 259 for the restaurant. The MICHELIN hotel card names Lasarte directly, which settles it. This is a new failure mode for the matcher: correct addresses on both sides that simply differ.","During QA, re-check other city-centre hotels for the same two-frontage pattern",Open
QA-085,Data error,Medium,Spain,Atrio Restaurante Hotel Place ID points at the restaurant,"Searching Atrio returned ""Atrio Cáceres"" with types fine_dining_restaurant and bar — no hotel type — at Plaza San Mateo 1. Atrio is a single property combining a three-star restaurant and a three-Key hotel, so no separate hotel record appears to exist. Imported with this Place ID as hotel_480. Sixth occurrence of the restaurant-outranks-hotel pattern (QA-040, QA-050, QA-058, QA-072, QA-076).",Confirm whether a hotel-level Place ID exists; note the restaurant is expected to link here once addresses align,Open
QA-086,Coverage,High,Spain,"Only 8 Spanish restaurant rows, 3 of which are reachable","The stored Spanish restaurants are ABAC (Av. Tibidabo 1), Deesa, DiverXO, Lasarte, Moments (Passeig de Gracia 38), Asador Etxebarri, Elkano and Enigma. Of these only ABAC, Lasarte and Moments sit inside a Key hotel in this roster. The other 36 restaurants named on Spanish MICHELIN hotel cards are absent.",Extend the Spanish restaurant table to one- and two-star before launch,Open
QA-087,Data error,Low,Spain,rest_0067 Moments star count,"REVISED. Moments does NOT appear in the Two-Star list of The MICHELIN Guide Spain & Andorra 2026. Barcelona holds five Two-Star restaurants that year (Aleia, Cinc Sentits, Enigma, Enoteca Paco Perez, Mont Bar) and Moments is not among them. The stored value of 1 star is therefore plausibly current rather than wrong; the earlier concern was based on its historic two-star status.",Confirm current status on the MICHELIN restaurant page; no change made,Open
QA-088,Data error,Medium,Spain,ABaC Place ID points at the restaurant,"Searching ABaC returned ""Restaurant ABaC"", type fine_dining_restaurant, at Avinguda del Tibidabo 1. As with Atrio, ABaC is a single property combining restaurant and hotel and no separate hotel record appears to exist. Imported as hotel_537. Seventh occurrence of the restaurant-outranks-hotel pattern.",Confirm whether a hotel-level Place ID exists,Open
QA-089,Inconsistent spelling,Low,Spain,rest_0042 Deesa,"Stored as ""Deesa""; MICHELIN writes ""Deessa"" (double s). The restaurant sits in the Mandarin Oriental Ritz Madrid, already imported as hotel_540. The spelling difference means a name-based match against the roster fails.",Rename to Deessa and link to hotel_540,Open
QA-090,Completeness,Low,Italy,29 Italian two-star names not yet captured,"UPDATE: the published Italian two-star list has been sourced and 36 of the 38 names read off it directly. Together with Tre Olivi (Paestum), confirmed two-star from an earlier MICHELIN article, 37 of 38 are now captured and imported. One name has never appeared in any retrieved fragment; the published list came through with an alphabetical gap between Oppeano and Ragusa.",Identify the single remaining two-star restaurant against the MICHELIN site,Open
QA-091,Source confidence,Medium,Spain,6 two-star entries restored from an alphabetical gap,"The published list was retrieved in fragments and cities C to E were missing. Voro (Canyamel), L’Escaleta (Cocentaina), Bo.TiC (Corca), Venta Moncalvillo (Daroca de Rioja), Amelia by Paulo Airaudo (San Sebastian) and Ambivium (Penafiel) were restored from the prior-year list. The count then closes at exactly 37, which is the published figure, but each still needs individual confirmation.",Verify these six against MICHELIN before import; flagged in the roster column list_source,Open
QA-092,Duplicate candidate,Medium,Italy / Switzerland,Da Vittorio appears twice under one brand,"rest_0254 Da Vittorio is the St. Moritz outpost, linked to hotel_56 Carlton Hotel St. Moritz. The new rest_0379 Da Vittorio is the three-star original in Brusaporto (BG). Same brand, two separate restaurants in two countries. Not a duplicate, but a name collision that any name-based matching will trip over.",Keep both; consider a disambiguating suffix in the display name,Open
QA-093,Data error,Low,Spain,El Poblet listed by Google as Flores Raras,"Searching El Poblet returns ""Flores Raras Restaurante"" at Carrer de Correus 8, Valencia — the correct address, and the reviews still refer to El Poblet. This looks like a rename that MICHELIN has not adopted. Imported as rest_0374 under the MICHELIN name.",Verify whether the restaurant has been renamed,Open
QA-094,Verified,Low,Italy,Campo del Drago hotel attribution,"Campo del Drago was expected to sit inside hotel_456 Castello Banfi - Il Borgo since MICHELIN files it under Montalcino. The lookup shows it is at Rosewood Castiglion del Bosco, a different Montalcino property that holds no MICHELIN Key and is therefore not in the hotel table. No link created — the assumption was wrong and was caught before it entered the data.",,Resolved
QA-095,Data error,Medium,Italy,Villa Feltrinelli and Harry's Piccolo resolved to hotel records,"Searching these two restaurants returned the hotel: Grand Hotel a Villa Feltrinelli in Gargnano, and Grand Hotel Duchi d'Aosta in Trieste. Neither hotel holds a MICHELIN Key so neither is in the hotel table, and no separate restaurant record surfaced. Imported with the hotel-level Place ID. Eighth and ninth occurrence of the restaurant-outranks-hotel pattern, here in reverse.",Retry for a restaurant-level Place ID before launch,Open
QA-096,Convention,Low,Italy / Spain,2 rows deliberately share a Place ID with their hotel,"Atrio (rest_0350 / hotel_480) and Terra The Magic Place (rest_0419 / hotel_460) carry the same Google Place ID as their hotel row because each is a single building holding both the restaurant and the accommodation, and Google publishes one record. This is intentional, not a duplication error. Place IDs remain unique within the restaurant table and within the hotel table separately.",Treat cross-table Place ID equality as valid; enforce uniqueness per table only,Open
QA-097,Sourcing blocker,High,France,115 two- and three-star restaurants not yet rostered,"The MICHELIN Guide France 2026 holds 31 three-star and 84 two-star restaurants. Unlike Spain and Italy, the name lists could not be sourced: guide.michelin.com returns a bot-detection block on fetch, the Wikipedia tables render empty through the fetcher, and four separate searches returned only prose fragments and counts. No names have been invented. Currently 6 French rows exist in the restaurant table, all in Paris.","Source via screenshots of the MICHELIN list, as was done for the Italian and Spanish hotel rosters",Open
QA-098,Schema,High,France / Monaco,Monaco sits inside the French guide,"MICHELIN counts 31 three-star tables ""en France et à Monaco"" — Monaco is inside the France selection, not a separate guide. The hotel table already treats Monaco as its own country (hotel_193, hotel_194) with its own flag. When French restaurants are imported, Le Louis XV in Monte-Carlo will belong to the French 31 while sitting in a Monaco row. Decide now whether country follows geography or guide edition, because per-country counts and any ""complete country"" logic depend on it.","Keep country geographic and add a guide_edition column, or accept that French counts will not reconcile",Open
QA-099,Data error,High,France,star counts in any pre-2026 French source,"The 2026 vintage moved several landmark tables. L'Ambroisie in Paris lost its third star and Le Chabichou in Courchevel fell from two to one. Both are long-standing fixtures that appear at their old rank in most reference material, so a list assembled from earlier coverage will carry them wrong.","Verify every French star count against 2026 specifically, not against general reputation",Open
QA-100,Data error,High,Switzerland,country total was wrong: 87 vs 90,"MICHELIN's own Swiss Key article states the 2025 Swiss selection holds 9 Three-Key, 32 Two-Key and 49 One-Key hotels — 90 in total. The dashboard carried 87, taken from a trade-press headline. The Two-Key tier is therefore 32, not 30 as imported, so two Two-Key hotels are missing rather than none. Dashboard corrected to 90.","Two Two-Key hotels still unidentified; likely among Widder, Dolder Grand and Park Gstaad",Open
QA-101,Sourcing blocker,High,Switzerland,49 One-Key hotels have no roster,"guide.michelin.com blocks fetching, so the Swiss Key list could not be retrieved in full. Only three One-Key hotels are named in the retrieved snippet — Le Mirador, Royal Savoy Lausanne and Grand Hotel du Lac Vevey — and those three are imported. The other 46 are unnamed. Same blocker as France (QA-097).","Source via screenshots, as was done for the Italian and Spanish hotel rosters",Open
QA-102,Verified,Low,Serbia,no two- or three-star restaurants exist,"The MICHELIN Guide Serbia awarded its first Stars only in the 2025 edition, two One-Stars: Langouste in Belgrade and Fleur de Sel in Novi Slankamen. There is no Serbian two- or three-star restaurant, so nothing was imported at this tier. The 2026 edition also narrowed the guide to cover Belgrade only.",Revisit if the one-star tier is ever brought into scope,Resolved
QA-103,Duplicate candidate,Medium,Croatia / Italy,Agli Amici appears twice under one brand,"rest_0404 Agli Amici is the two-star in Godia near Udine, Italy. The new rest_0426 Agli Amici Rovinj is the two-star in Rovinj, Croatia, run by the same chef Emanuele Scarello. Two separate restaurants in two countries under one brand. Third occurrence of this pattern after Da Vittorio (QA-092) and the Sextantio properties.",Keep both; name-based matching will trip over this,Open
QA-104,Coverage,Medium,"Croatia, Hungary, Malta",top tiers now complete for three more countries,"Croatia holds exactly one two-star and no three-star; Hungary holds two two-stars and no three-star; Malta holds one two-star and no three-star. All are imported, so these three countries are complete at the two- and three-star tiers, as Slovenia already is.",None at this tier,Resolved
QA-105,Tooling defect,High,All countries with leading house numbers,address parser silently drops the house number,"The street parser expects the street name first and the number after it, which is the continental pattern. For addresses written the British way, number first, the pattern fails and the parser falls back to matching on street name alone with an empty house number. Two such addresses then match on street name only. This is the exact false-positive class fixed in QA-048, reappearing through a different route. It surfaced on ION Harbour at 11 St. Barbara Bastion matching Iniala Valletta at number 10. That particular link happens to be correct and is kept, but it was reached by accident. Malta, Ireland, the United Kingdom and the United States all use this address form.",Fix the parser to handle a leading house number before running the linker over any British-form address market,Open
QA-106,Link confidence,Medium,Croatia,hotel_266 Grand Park Hotel Rovinj to rest_0426 Agli Amici Rovinj,Linked manually. The matcher missed it because the complex fronts two streets: the hotel is registered on Smareglijeva ulica while the restaurant sits on the marina promenade at Setaliste Vijeca Europe. MICHELIN coverage states plainly that Agli Amici is set in the Grand Park Hotel. Second occurrence of the two-frontage pattern after Monument Hotel in Barcelona (QA-084).,Add the two-frontage case to the linker review list,Open
QA-107,Coverage,High,"Denmark, Sweden",two Nordic countries already present but badly incomplete,"Denmark holds three-star Geranium, noma, Jordnaer and, as of the 2026 vintage, Kadeau Copenhagen, plus seven two-stars. Sweden holds three-star Frantzen plus further two-stars. The table carries only two rows for each. Because both countries already appear, they fall outside a ""missing countries"" sweep and would be silently skipped. UPDATE: Denmark and Sweden are now complete at both top tiers. Hong Kong was completed separately. Japan remains.",Treat present-but-incomplete countries as a separate work item from wholly missing ones,Partially resolved
QA-108,Verified,Low,Iceland,no two- or three-star restaurants exist,"Iceland holds only One-Star restaurants (DILL, Moss, OX). Nothing to import at this tier, as with Serbia.",,Resolved
QA-109,Data error,Medium,Macau,The Huaiyang Garden lookup returned the wrong restaurant,"Searching The Huaiyang Garden returned Palace Garden, a different Cantonese restaurant at Grand Lisboa Palace that was newly promoted to one star in the 2026 edition. Both are Grand Lisboa properties with similar names, which is likely why the search slid. Not imported. Seven of Macau eight top-tier restaurants are in; this one is held in macau_pending_lookup.csv.",Retry with the Chinese name or the exact floor,Open
QA-110,Coverage,High,Hong Kong,Hong Kong holds 7 three-star and 13 two-star; table has 2 rows and no three-star,"The 2026 Hong Kong and Macau guide lists seven Hong Kong three-stars (8 1/2 Otto e Mezzo - Bombana, Amber, Caprice, Forum, Sushi Shikon, Ta Vie, T’ang Court) and thirteen two-stars (Arbor, Bo Innovation, Cristal Room by Anne-Sophie Pic, Lai Ching Heen, L’Atelier de Joel Robuchon, L’Envol, Lung King Heen, Noi by Paulo Airaudo, Octavium, Run, Tate, Tin Lung Heen, Ying Jee Club). The table carries two Hong Kong rows and neither is a three-star. Names are now captured here so the roster survives even if the source goes. RESOLVED: all 20 imported as rest_0441 to rest_0460.","Import as a present-but-incomplete country, alongside Denmark and Sweden (QA-107)",Resolved
QA-111,Convention,Low,Macau,addresses have no street numbers,"Every Macau top-tier restaurant sits inside a casino resort and is addressed by floor and property rather than by street number, for example ""43/F, Grand Lisboa"". The address matcher cannot work here at all. All seven rows are marked located_in_hotel true even though no hotel row exists, because the fact is certain from the address itself.",Add Macau resorts to the hotel table if Keys are ever awarded there; link manually until then,Open
QA-112,Data error,Medium,Hong Kong,two Google records carry a merged or shortened name,"L'Atelier de Joel Robuchon returns under the plain name Joel Robuchon at the Landmark, where the group also runs Le Jardin de Joel Robuchon; the single Google record appears to cover the combined venue. Lai Ching Heen returns as ""Lai Ching Heen (Yan Toh Heen)"" at 18 Salisbury Road, merging the Regent's restaurant with the name it carried under the InterContinental. MICHELIN names are used in both rows.",Verify both Place IDs point at the starred restaurant and not a sibling concept,Open
QA-113,Data error,Low,Hong Kong,rest_0301 Wing carries michelin_stars = 0,"WITHDRAWN. The zero is correct by design, not a placeholder. Wing is ranked 11th on The World’s 50 Best Restaurants 2025 and holds no MICHELIN star, so michelin_stars = 0 is accurate. Seven rows carry a zero and all seven are 50 Best entries without a star: Maido, Kjolle, Merito and Mayta in Peru, Borago in Chile, Celele in Colombia and Wing in Hong Kong. The first six sit in countries with no MICHELIN guide at all. Flagging this as an error was my mistake.","None — keep the convention, and document that 0 means ""in the guide area but unstarred, or outside any guide""",Resolved
QA-114,Verified,Low,All countries,The World's 50 Best Restaurants 2025,"All 50 ranks are present in the restaurant table, numbered 1 to 50 with no gaps and no duplicates, all carrying worlds_50_best_year 2025. Nothing is missing at this list.",,Resolved
QA-115,Future maintenance,Medium,All countries,the 50 Best ranking refreshes on 4 November 2026,"The 2026 ranking has not been published yet. The ceremony moved from Abu Dhabi to Lima and takes place on 4 November 2026, so the stored 2025 ranking is current until then. Two consequences for the schema. First, worlds_50_best_rank is a snapshot, not a property of the restaurant, so the refresh will rewrite up to 50 rows at once and any row dropping out needs its rank cleared rather than left stale. Second, Maido entered the Best of the Best hall of fame by winning in 2025 and is not eligible from 2026 onwards, so the reigning number one will vanish from the ranking while remaining a restaurant worth showing. Central did the same after winning in 2023, which is why it is absent from the current 50 despite being a Lima landmark.","Decide whether to keep a rank history table, and whether hall-of-fame restaurants get their own flag so they do not simply disappear from the app",Open
QA-116,Duplicate candidate,High,"Taiwan, Hong Kong, Spain, Italy, Croatia, Switzerland",name collisions across countries now number five brands,"L'Atelier de Joel Robuchon now exists twice, rest_0452 in Hong Kong and rest_0466 in Taipei. Molino de Urdaniz in Taipei is the outpost of rest_0373 El Molino de Urdaniz in Urdaitz, Spain, under a slightly different name. These join Da Vittorio (Brusaporto and St. Moritz), Agli Amici (Godia and Rovinj) and Sextantio (Matera and Santo Stefano di Sessanio). Five brands, eleven rows, all legitimately distinct restaurants.","Any name-based lookup, dedupe or search feature must key on restaurant_code and country, never on name alone",Open
QA-117,Convention,Low,Taiwan,Google returns Taiwanese addresses in mixed script and reversed order,"Taiwanese records come back with Chinese characters embedded and the building number after the street, for example ""Section 1, Chengde Rd, 3號17樓"". All ten addresses were rewritten into readable romanised form with floor first. Two names also differ from MICHELIN: Mudan returns under its Chinese name, and Yu Kapo returns as Yu Kappo. MICHELIN spellings are used.",None; noted so the rewriting is traceable,Resolved
QA-118,Sourcing blocker,High,China (mainland),Google Places is not a usable source for mainland China,"Eight Beijing restaurants were looked up and six came back as the wrong establishment. Blackswan returned a cake shop in Shunyi. Lamdre returned Gongdelin, a Bib Gourmand vegetarian place. Jingji returned Jing, the one-star French restaurant at The Peninsula. Lu Shang Lu returned Shijiu, a one-star. Chao Shang Chao returned an unrelated restaurant with three reviews. Shanghai Cuisine returned nothing. Only Xin Rong Ji and King’s Joy came back correctly, and both only because their reviews explicitly named the star count. Google Maps has minimal commercial coverage in mainland China, so the lookup method used for every other country in this database does not transfer. Nothing was imported on a doubtful match.","Source Chinese coordinates and identifiers from Amap or Baidu, or accept name, city and star only and leave the geo fields blank",Open
QA-119,Scope,Medium,China (mainland),China is not one guide but several city guides,"Mainland China has no single national selection. Beijing, Shanghai, Guangzhou, Chengdu and others each have their own edition released on their own date, and Shanghai has since been folded into a new regional Shanghai-Jiangsu-Zhejiang edition carrying 77 stars. Beijing 2026 alone holds 2 three-star and 6 two-star; the Shanghai 2025 edition held 2 three-star and 9 two-star. A complete Chinese top tier therefore needs several separate roster passes, not one.",Treat each Chinese city guide as its own country-sized unit of work,Open
QA-120,Data error,High,Denmark,noma is no longer a starred restaurant,"noma held three stars until the 2024 guide and does not appear in the Nordic 2026 selection at all; it has moved to the Noma Projects format and is off the active list. It is not in the restaurant table, so nothing is wrong today, but any list of ""three-star restaurants"" assembled from older reference material will wrongly include it. Denmark holds three three-stars in 2026: Geranium, Jordnaer and Kadeau Copenhagen.",Guard against noma being reintroduced from a stale source,Open
QA-121,Schema,Medium,Faroe Islands,"PAZ sits in a territory, not a country","PAZ in Torshavn holds two stars and is listed by MICHELIN under Denmark in the Nordic guide, but the Faroe Islands are a self-governing territory with their own flag and are not part of the EU. Stored as country Faroe Islands with its own flag so the map and any country filter behave correctly, at the cost of Denmark counts not matching MICHELIN exactly. Same class of decision as Monaco inside the French guide (QA-098).","Decide one rule for territories and apply it to Faroe Islands, Monaco, Hong Kong and Macau together",Open
QA-122,Source confidence,Medium,"Denmark, Sweden",three Danish and all Swedish two-stars sourced from the 2025 list,"The 2026 Nordic ceremony awarded two new two-stars but the full 2026 two-star list was not retrievable. Copenhagen 2026 is confirmed at four two-stars (a|o|c, Alchemist, Koan, Kong Hans Kaelder). Frederikshoj, Henne Kirkeby Kro and PAZ sit outside Copenhagen and are carried from the confirmed 2025 list, as are all five Swedish two-stars. No demotions were reported for any of them.",Confirm the 2026 two-star lists for both countries and check whether either of the two new 2026 two-stars is Danish or Swedish,Open
QA-123,Scope,High,Japan,Japan is the largest remaining gap by a wide margin,"Japan runs several separate city guides. Kyoto Osaka 2026 alone holds 9 three-star (6 Kyoto, 3 Osaka) and 31 two-star, published April 2026. Tokyo 2026 was published September 2025 and promoted Myojaku to three stars; Tokyo's full three-star roster and its two-star list were not retrievable. Further editions exist for Nara, Hokkaido, Fukuoka, Hiroshima, Kanazawa and others. Nine three-stars are imported here, plus Sezanne already present. The Japanese two-star tier alone is larger than the entire Spanish and Italian two-star tiers combined.","Source Tokyo's three-star roster next, then treat each Japanese city guide as its own unit of work",Open
QA-124,Convention,Low,Japan,Japanese addresses returned in mixed script with Japanese-order numbering,"Google returns Japanese addresses with kanji fragments and the block-lot-building order, for example ""1-chōme−21−2 山本松ビル 1f"". All nine were rewritten to romanised hyphenated form with the floor first. Two names also differ: Miyamasou returns as an inn record (it is a ryokan with a restaurant, so located_in_hotel is true) and Myojaku returns as Myoujyaku. MICHELIN spellings are used.",None; noted so the rewriting is traceable,Resolved
QA-125,Roster captured,High,Japan,118 Japanese Key hotels rostered from screenshots,"The full Japanese Key hotel selection was captured from 15 screenshots: 5 Three-Key, 16 Two-Key and 97 One-Key. No duplicate names across the screenshots. Kyoto leads with 21 hotels and Tokyo has 18. Place lookups are still pending for all 118. Japan would become the third largest hotel country in the database after Italy and Germany.","Run place lookups in blocks of forty, as was done for Italy and Spain",Open
QA-126,Link opportunity,High,Japan,14 hotel cards name their MICHELIN restaurant,"Fourteen Japanese hotel cards carry a named restaurant, giving hotel-to-restaurant links directly from the source rather than through address matching. Notably Bvlgari Hotel Tokyo names Il Ristorante - Niko Romito, Four Seasons Tokyo at Otemachi names est, HOTEL THE MITSUI KYOTO names TOKI, and Hotel New Otani names Tour d'Argent Tokyo. None of these restaurants is in the restaurant table yet, so the links cannot be created until the Japanese two-star and one-star tiers are imported.",Import these fourteen restaurants alongside the hotels so the links can be made in one pass,Open
QA-127,Convention,Medium,Japan,"screenshot cities are often districts or gun, not municipalities","Japanese cards give locations such as ""Hakonemachi, Ashigarashimo-gun"", ""Kutchancho, Abuta-gun"" and ""Kyoto Prefecture"" rather than a plain city. These were normalised to the commonly used destination name: Hakone, Kutchan, Kyoto, Karuizawa, Niseko, Naoshima, Onna, Nakijin. Satoyama Jujo is filed under Minamiuonuma and Oyado The Earth under Toba, both inferred from the prefecture given on the card and needing confirmation at lookup time.",Verify the two inferred cities during the place lookups,Open
QA-128,Source confidence,High,Japan,14 hotel restaurants have place data but no verified star count,"RESOLVED for Tokyo and Kyoto. The listing screenshots settle eleven of the fourteen: six are starred (Heritage by Kei Kobayashi 1, Il Ristorante - Niko Romito 1, est 1, Tour d Argent Tokyo 1, Kanamean Nishitomiya 1, Sanso Kyoyamato 2) and five are not starred at all (SIGNATURE, Hei Fung Terrace, TOKI, Tempura Mizuki, Benoit). Three Osaka entries remain: JIANG NAN CHUN, TEMPURA HANAGATAMI and Pierre. Place data was already complete for all fourteen.","Confirm the fourteen against the Tokyo 2026 and Kyoto-Osaka 2026 star lists, then import in one pass; the expensive part, the place lookup, is already done",Resolved
QA-129,Data error,Medium,Japan,Kanamean Nishitomiya resolves to the ryokan,"The hotel and its restaurant share a name, so the lookup returned the ryokan record rather than the dining room. Same pattern as Atrio, ABaC, Villa Feltrinelli and Terra The Magic Place. Reviews confirm the property runs two restaurants, Kaname and Nishitomiya, which suggests the MICHELIN entry may refer to one of those rather than to the house name.",Establish which dining room carries the MICHELIN entry before importing,Open
QA-130,Data error,High,Japan,SIGNATURE and Hei Fung Terrace are not starred,"Five of the fourteen hotel restaurants carry the restaurant symbol on their hotel card yet appear nowhere in the complete Tokyo or Kyoto starred listings: SIGNATURE at Mandarin Oriental Tokyo, Hei Fung Terrace at The Peninsula Tokyo, TOKI at HOTEL THE MITSUI KYOTO, Tempura Mizuki at The Ritz-Carlton Kyoto and Benoit at The Hotel Seiryu Kyoto Kiyomizu. They are in the MICHELIN Guide without a Star. More than a third of the set. Had the fourteen been imported on the strength of the hotel cards alone, five unstarred restaurants would have entered a starred table.","Keep both out of the starred table, or add a distinct listing level if unstarred Guide entries are ever brought into scope",Resolved
QA-131,Duplicate candidate,High,Japan,TOKi Tokyo and TOKI Kyoto are different restaurants,"The Tokyo listing contains a one-star contemporary restaurant written TOKi. HOTEL THE MITSUI KYOTO names its restaurant TOKI, a French kitchen in Kyoto. Same name bar the capitalisation, two cities, two restaurants. Any case-insensitive name match will merge them. RESOLVED: the Kyoto listing contains no TOKI at all, so the Kyoto TOKI is unstarred and the name can only refer to the Tokyo one-star. The collision is real but only one of the two is starred.",Keep the two apart on restaurant_code and city; do not let the Kyoto TOKI inherit the Tokyo star count,Resolved
QA-132,Roster captured,High,Japan,157 Tokyo starred restaurants rostered,"The Tokyo starred listing was captured from 14 screenshots: 11 Three-Star, 26 Two-Star and 120 One-Star, with no duplicate names. The three-star count validates exactly: the eleven captured plus Sezanne, already in the database, equal the twelve MICHELIN reports for Tokyo. The two- and one-star counts sit a few short of the published totals, so a handful of cards at screenshot edges were probably missed.",Compare the two- and one-star counts against the published Tokyo totals to find the few missing cards,Open
QA-133,Roster captured,High,Japan,97 Kyoto starred restaurants rostered,"The Kyoto starred listing was captured from 9 screenshots: 6 Three-Star, 19 Two-Star and 72 One-Star, no duplicate names. Both top tiers validate exactly against the published Kyoto figures of 6 and 19. The one-star count is 72 against a published 73, so a single card was missed. Together with Tokyo this gives 254 rostered Japanese starred restaurants.",Find the one missing Kyoto one-star; Osaka and the remaining city guides are still untouched,Open
QA-134,Link opportunity,Medium,Japan,Jean-Georges at The Shinmonzen names a hotel absent from the hotel roster,"The Kyoto listing shows one-star Jean-Georges at The Shinmonzen naming The Shinmonzen as its hotel. That hotel does not appear in the 118-strong Japanese Key hotel roster, which means it holds no MICHELIN Key. A starred restaurant inside a hotel is therefore not evidence that the hotel is keyed, and the restaurant table will carry hotel names that have no counterpart in the hotel table.","Allow hotel_name to be populated without a hotel_code, or leave the link empty for unkeyed hotels",Open
QA-135,Data integrity,Critical,ALL,hotel-restaurant relationships stored in three disagreeing places,"Consolidation found the same relationship written into hotel_restaurant_links.csv (49 pairs), hotels.restaurant_codes (46) and restaurants.hotel_code (20). The union is 61 distinct pairs. Twelve links exist only on restaurant rows and were never written to the join table; three exist only in the join table. No relationship was lost, but no single file is complete.",See MA-001 and MA-002. Pick one authoritative store and regenerate the others.,Open
QA-136,Data integrity,High,ALL,UUID coverage is split,17 of 572 hotels and 325 of 489 restaurants carry a valid unique v5 UUID; the rest are blank. A primary key cannot be half-populated on insert.,See MA-003.,Open
QA-137,Verified,Low,ALL,technical repairs applied during consolidation,"Two purely technical inconsistencies were repaired: trailing whitespace stripped from three restaurant names (rest_0036, rest_0074, rest_0126), and located_in_hotel normalised from True/False to true/false on the 325 original rows. No substantive data was changed.",,Resolved
QA-138,Verified,Low,ALL,full technical validation passed,"All 572 hotel rows and 489 restaurant rows validate: unique codes, well-formed and unique Place IDs, coordinates present and inside the stated country bounding box, valid Key and Star values, clean booleans, no duplicate name within country or city, no orphaned foreign keys, no stray whitespace, correct column count and order.",,Resolved
QA-139,Resolved,Critical,ALL,relationship storage consolidated,"hotel_restaurant_links.csv is now the single source of truth and carries a link_id primary key. 12 links that existed only on restaurant rows and 1 from the Deessa correction were consolidated in, taking the table from 49 to 62 rows. restaurant_names, restaurant_codes and has_michelin_restaurant were dropped from hotels; hotel_id, hotel_code and hotel_name were dropped from restaurants. No relationship was lost.",,Resolved
QA-140,Data error,High,Switzerland,rest_0254 Da Vittorio has no location data,"The row carried the Place ID, address and coordinates of Badrutt Palace Hotel. Those values were demonstrably wrong and would have shown the wrong property in the app, so they were cleared. The row now has a name, city, country and star count but no location.",Supply the correct location data. Tracked as MA-004.,Open
QA-141,Schema,Medium,ALL,located_in_hotel retained as a restaurant attribute,"44 restaurants sit inside a hotel. 23 of those are in hotels that hold no MICHELIN Key, so they can never have a link row. located_in_hotel therefore carries information the join table cannot express and was deliberately kept when the FK columns were dropped.",Keep as a boolean attribute; do not attempt to derive it from the join table,Resolved
QA-142,Data consistency,High,ALL,41 linked restaurants say located_in_hotel=false,"The join table holds 62 restaurants but only 44 carry located_in_hotel=true. 41 restaurants have a link row yet claim not to be in a hotel; they all originate in the 325-row import where the flag predates the links. Conversely 23 restaurants say true without a link, which is expected because their hotel holds no Key.",See MA-053. Either backfill the flag from the join table or drop it in favour of a derived value.,Open
QA-143,Progress,Low,Japan,38 of 118 Japanese hotels imported,"COMPLETE. Three lookup blocks: hotel_573 to hotel_687, 115 of 118 Japanese hotels imported. 95 One-Key, 15 Two-Key and all 5 Three-Key (Amanemu, Bvlgari Hotel Tokyo, Four Seasons Tokyo at Otemachi, Gora Kadan, HOTEL THE MITSUI KYOTO). All coordinates verified inside Japan, all Place IDs unique, no duplicate names. Three hotels held back, see QA-144 and QA-147.",Continue with the remaining 78 lookups,Resolved
QA-144,Data error,Medium,Japan,2 hotel lookups returned the wrong property,"Atami Izusan Karaku returned ""Tokyu Harvest Club Atami Izusan & VIALA"", a different chain entirely; the sister property Hakone Gora Karaku resolved correctly as ""Karaku, Gora"", which confirms Karaku is its own brand. Kinugawa Keisui returned ""Tokyu Harvest Club VIALA Kinugawakeisui"", where the name overlaps but the brand does not match. Neither was imported.",Verify both against the MICHELIN hotel pages before importing,Open
QA-145,Convention,Low,Japan,7 Google names differ from the MICHELIN roster,"Google returns Beniya for Kofuyuden Beniya, Ryokan Nishiyama for Ryokan Onomichi Nishiyama, Karaku Gora for Hakone Gora Karaku, Fufu Kyukaruizawa for Fufu Kyu-Karuizawa Restful Forest, Rin-Po-Ki-Ryu for Rin-Poh-Ki-Ryu, and adds chain suffixes to Fuji Speedway Hotel. Nasu Mukunone returns only in Japanese script. MICHELIN names were kept in every case.",None; logged so the name differences are traceable,Resolved
QA-146,Link opportunity,High,Japan,6 hotel-restaurant links are now half-buildable,"Of the six Japanese hotel restaurants with a confirmed star, four now have their hotel loaded: Bvlgari Hotel Tokyo (hotel_647) for Il Ristorante - Niko Romito, The Ritz-Carlton Tokyo (hotel_645) for Heritage by Kei Kobayashi, HOTEL THE MITSUI KYOTO (hotel_644) for TOKI which is unstarred, and The Ritz-Carlton Kyoto (hotel_646) for Tempura Mizuki which is also unstarred. The restaurants themselves are not yet in restaurants_master, so no link row can be created.","Import the six starred Japanese hotel restaurants, then create the links",Open
QA-147,Data error,Medium,Japan,Benesse House lookup returned the museum,"The lookup returned Benesse House Museum, typed art_museum with no lodging category. Benesse House is a combined museum and hotel spread across four wings (Museum, Park, Beach and Oval); the record found is the museum building. This is the same class of error the QA strategy warns about, a facility record used as a hotel Place ID. Not imported.",Supply a Place ID for the accommodation rather than the museum,Open
QA-148,Convention,Low,Japan,two keyed properties share one street address,"Yamagata The Takinami (hotel_573) and OSTERIA SINCERITA (hotel_596) both sit at 3005 Akayu, Nanyo, Yamagata. They are separate MICHELIN Key properties run by the same group, with distinct Place IDs and coordinates roughly 70 metres apart. Reviews confirm guests of one are offered dinner at the other.",None; noted so the shared address is not mistaken for a duplicate,Resolved
QA-149,Convention,Low,Japan,4 more Google names differ from the MICHELIN roster,"GAJOEN returns as Wasure-no-sato Gajoen, Bettei Otozure as Ryokan Otozure, Bettei Senjuan as Bettei Senjyuan and Beniya Mukayu as Beniya Mukayu Ryokan. All four are the same property; MICHELIN names were kept.",,Resolved
QA-150,Progress,Low,Japan,Japanese three-star tier complete,"All 21 Japanese three-star restaurants are now loaded: 12 in Tokyo, 6 in Kyoto and 3 in Osaka. Both city counts validate exactly against the published figures. Six confirmed hotel restaurants were also imported with their links, taking the join table from 62 to 68 rows.",Continue with the two-star tier: 26 in Tokyo and 19 in Kyoto,Resolved
QA-151,Convention,Low,Japan,5 Google names differ from the MICHELIN roster,"Kanda returns as Nihonryori Kanda, RyuGin as Nihonryori RyuGin, Harutaka as Ginza Harutaka, Joel Robuchon as Gastronomy Joel Robuchon and Isshisoden Nakamura as Isshisouden Nakamura. All five are the same restaurant; MICHELIN spellings were kept.",,Resolved
QA-152,Shared Place ID,Medium,Japan,Kanamean Nishitomiya shares one Place ID across both tables,"rest_0498 and hotel_687 carry the identical Place ID because the ryokan and its dining room share one Google record, which is the QA-129 problem now materialised in the data. This is the eighth deliberate cross-table share, alongside Atrio, ABaC, Terra The Magic Place, Central Park, Solring Hof, Chateau Neercanne and 7132.","Confirm the share is acceptable, or establish which dining room holds the star and give it its own record",Open
QA-153,Progress,Low,Japan,Japanese two-star tier all but complete,"41 two-star restaurants imported: 24 in Tokyo and 17 in Kyoto. Tokyo now stands at 26 of 26, complete. Kyoto stands at 18 of 19. Together with the 21 three-stars, Japan holds 66 top-tier restaurants plus 5 one-star hotel restaurants, 71 in total.","Resolve the single missing Kyoto two-star, then the one-star tiers",Open
QA-154,Data error,Medium,Japan,Ogata lookup returned a different restaurant,"Searching the two-star kaiseki house Ogata in Kyoto returned Youshoku Ogata, a western-style restaurant whose reviews centre on its hamburger steak and which Google types as western_restaurant. Same surname, different establishment. Not imported, so Kyoto sits at 18 of 19 two-stars.",Supply the correct record for the kaiseki Ogata,Open
QA-155,Duplicate candidate,Medium,Japan,the Kikunoi brand now appears four times,"Kikunoi Honten (Kyoto, three-star), Kikunoi Roan (Kyoto, two-star), Akasaka Kikunoi (Tokyo, two-star) and Kikunoi Sushi Ao (Kyoto, one-star, not yet imported) are four separate restaurants under one house. Akasaka Kikunoi returns from Google simply as Kikunoi. This is the largest single-brand cluster in the database, ahead of the five cross-country brands already logged in QA-116.","Confirm any search or dedupe logic keys on restaurant_code, never on name",Open
QA-156,Convention,Low,Japan,9 more Google names differ from the MICHELIN roster,"Seizan returns as Nihonryori Seizan, Ensui as Nihon Ryori Ensui, Sushi Kanesaka as Kanesaka, Hakuun as Nihonryori Hakuun, Sukiyabashi Jiro Roppongiten as Sukiyabashi Jiro Roppongi Hills Restaurant, Ryo-sho as Ryosho, Kyokaiseki Kichisen as Kichisen, Yusokuryori Mankamero as Mankamerou and Akasaka Kikunoi as Kikunoi. MICHELIN spellings were kept throughout.",,Resolved
QA-157,Progress,Low,Japan,Kyoto one-star tier started,"COMPLETE. All 72 listed Kyoto one-star lookups attempted: 69 imported as rest_0552 to rest_0620, two returned the wrong record and one proved to be a roster duplicate. Kyoto now holds 94 of its 96 starred restaurants: 6 three-star, 18 of 19 two-star and 70 one-star.","Continue the remaining 42 Kyoto lookups, then the 117 in Tokyo",Resolved
QA-158,Shared record,Medium,Japan,Kikunoi Sushi Ao returns a merged two-restaurant record,"The lookup returned ""Kikunoi Sushi Aoi / Niku Unshuu"", one Google record covering two restaurants at the same Gion address. Same pattern as Lai Ching Heen in Hong Kong under QA-112. Imported under the MICHELIN name, but the Place ID may not resolve to the starred restaurant alone.",Verify the Place ID points at Sushi Ao specifically,Open
QA-159,Duplicate candidate,Medium,Japan,three separate Ogata restaurants in Kyoto,"Higashiyama Ogata is a one-star inside the Shinshoan property and is now imported. The two-star kaiseki Ogata is still missing under MA-055, and a third unrelated Youshoku Ogata serves western food. Three Kyoto restaurants share the Ogata name, adding to the Kikunoi cluster in QA-155.",Keep the three distinct; never match on name alone,Open
QA-160,Link opportunity,Medium,Japan,Jean-Georges at The Shinmonzen has no hotel to link to,"The restaurant is imported with located_in_hotel true but The Shinmonzen holds no MICHELIN Key, so it does not appear in hotels_master and can never receive a link row. This is the worked example behind the schema decision in MA-043.",None; illustrates why is_in_hotel is kept as an attribute,Resolved
QA-161,Roster error,High,Japan,Kyoto roster listed Miyamasou twice,"Miyamaso in the one-star list and Miyamasou in the three-star list resolve to the identical Google Place ID, ChIJ_UQgQvW6AWARv8m8MI8Vzag at 375 Hanaseharachicho. They are one restaurant, transcribed twice from the screenshots at two different star levels. Kyoto therefore holds 96 starred restaurants, not 97, and the one-star tier is 71 rather than 72. Not imported a second time.",Correct the expected Kyoto totals to 96 and 71,Resolved
QA-162,Data error,Medium,Japan,2 Kyoto one-star lookups returned casual restaurants,"Kyo Seika returned Kyoto Seikaen, a ramen and gyoza house at price level 2 decorated with rugby memorabilia. Kenya returned a student cafeteria at price level 1 serving 510 yen set lunches. Neither can plausibly be the starred establishment. Both held back, leaving Kyoto at 94 of 96.",Supply the correct records for both,Open
QA-163,Convention,Low,Japan,"shared building, two starred restaurants","shiro and KOKE both sit in the IDO building at 287 Takoyakushicho, on the second and first floors respectively, with distinct Place IDs eleven metres apart. Same pattern as Yamagata The Takinami and OSTERIA SINCERITA under QA-148. Not duplicates.",,Resolved
QA-164,Progress,Low,Japan,Tokyo one-star tier started,"COMPLETE. All 117 listed Tokyo one-star lookups attempted: 114 imported as rest_0621 to rest_0734, one was already in the database under a different capitalisation (NARISAWA), and two returned the wrong record. Tokyo now holds 156 of 158 starred restaurants: 12 three-star, 26 two-star and 118 one-star.",Continue the remaining 86 Tokyo lookups,Resolved
QA-165,Resolved,Medium,Japan,TOKi Tokyo confirmed distinct from TOKI Kyoto,"TOKi in Shimbashi resolves to a modern Spanish restaurant working with Nara ingredients, rooted in Akordu in Nara, at Place ID ChIJ96McnkaLGGAR_nCjL4ZxXIk. It is unrelated to TOKI inside HOTEL THE MITSUI KYOTO, which carries no star. The capitalisation difference flagged under QA-131 and QA-116 reflects two genuinely different restaurants.",,Resolved
QA-166,Data error,Medium,Japan,Sassa lookup returned a beef hotpot house,"Searching Sassa returned Sasaya Asakusa, a gyunabe restaurant in Asakusa with 1336 reviews. Different name, district and genre. Not imported.",Supply the correct record,Open
QA-167,Star count uncertain,Medium,Japan,3 Tokyo restaurants whose reviews claim two stars,"LA TABLE de Joel Robuchon, Tempura Ginya and Tempura Maehira all sit in the one-star section of the roster, but visitor reviews describe them as two-star. Reviews may predate a demotion or simply be wrong. All three imported at one star as the roster states.",Verify the current star count for all three,Open
QA-168,Name collision,Medium,ALL,La Paix exists in Tokyo and Brussels,"The Tokyo roster contains a one-star La Paix, while rest_0158 is La Paix in Brussels. A seventh cross-country brand collision alongside the six already logged under QA-116, and a reminder that the Brussels row still carries the wrong address under MA-007.",Keep distinct; never match on name,Open
QA-169,Data error,Medium,Japan,Hyakuyaku by Tokuyamazushi returned the parent restaurant,"The lookup returned Tokuyamazushi in Nagahama, Shiga prefecture, roughly 350 km from Tokyo. That is the original house; the Tokyo offshoot Hyakuyaku was not found under this name. Not imported.",Supply the Tokyo record,Open
QA-170,Name collision,Medium,ALL,L'Atelier de Joel Robuchon now exists three times,"rest_0676 in Tokyo joins the existing Hong Kong and Taiwan entries. Together with the separate LA TABLE de Joel Robuchon and the three-star Joel Robuchon, the group now accounts for five distinct rows across three countries, all sharing the chef name. The largest brand cluster in the database after Kikunoi.",Confirm search and dedupe key on restaurant_code plus country,Open
QA-171,Progress,Low,Japan,Japanese dataset complete,"Japan now holds 115 of 118 Key hotels and 254 restaurants: Tokyo 156 of 158, Kyoto 94 of 96, Osaka 4. Japan is the largest country in both tables by restaurant count and third by hotel count. Six manual items remain: three hotels and five restaurants whose lookups returned the wrong record, plus the Kyoto roster duplicate already resolved.","Close MA-055, MA-056 and MA-057 to reach full coverage",Open
QA-172,Schema,Medium,Japan,4 Tokyo restaurants sit in hotels that hold no MICHELIN Key,"Les Saisons and Torakuro are both inside the Imperial Hotel Tokyo, ESTERRE by Alain Ducasse is inside the Palace Hotel Tokyo and nol is inside DDD Hotel. None of those three hotels appears in the Japanese Key roster, so all four restaurants carry located_in_hotel true with no possible link row. Together with Jean-Georges at The Shinmonzen this makes five worked examples behind MA-043.",None; reinforces keeping is_in_hotel as an attribute,Resolved
QA-173,Progress,Low,United States,US three-star tier complete,"All 16 US three-star restaurants are now loaded. Five New York entries were already in the database from the original import; 11 were added as rest_0735 to rest_0745. The distribution is California 10, New York 5, Illinois 1. Verified against the 2026 California selection revealed 24 June 2026 and the November 2025 New York and Chicago announcements.",None. The two-star tier remains uncollected: 46 restaurants across 13 US guide jurisdictions.,Resolved
QA-174,Historical status,High,United States,three US restaurants lost their third star in November 2025,"Alinea in Chicago (three-star 2011-2024), Masa in New York (2009-2024) and The Inn at Little Washington in Virginia (2019-2024) were all demoted to two stars in the November 2025 announcements. None is in the database, which is correct for current status, but all three are landmark rooms that a user may well have visited at three stars. This is the strongest argument yet for the award_history table in MA-050, and Virginia now holds no three-star restaurant at all.",Seed award_history with these three demotions when the table is built,Open
QA-175,Convention,Medium,United States,US city convention needs ratifying,"City is stored as the MICHELIN destination: Yountville, Healdsburg, Sonoma, West Hollywood and Los Angeles are separate cities rather than collapsed into metro areas. Providence is listed by MICHELIN under Hollywood but stored as Los Angeles, matching its postal address. No state column exists, so California, New York and Illinois are only distinguishable through the city value.","Decide whether a state or region column is needed for the US, which will also matter for Canada, Mexico and Brazil",Open
QA-176,Verified,Low,United States,sources disagreed on the US three-star count,"Search results variously reported 14, 16 and ten-in-California-alone. The discrepancy is a timing artefact: 14 was correct after the November 2025 demotions, and the 2026 California selection of 24 June 2026 promoted Californios and Enclos, taking the national total to 16. Californios is the first Mexican restaurant anywhere to hold three stars.",None; noted so the figure is traceable,Resolved
QA-177,Progress,Medium,United States,US two-star tier partially loaded,"35 two-star restaurants imported from four verified guide selections: California 13 of 13 (2026 selection, 24 June 2026), New York 14 of 15 (2025 selection, 18 November 2025), Chicago 4 of 4, Washington DC 3 of 3 and Florida 1 of 1 (2026 statewide selection). Boston and Philadelphia held their inaugural 2025 selections with one-star restaurants only, so both contribute zero. Masa in New York was held back after a wrong lookup.","Verify and load the Texas, American South and Southwest two-star tiers",Open
QA-178,Source conflict,High,United States,published US two-star totals disagree and cannot be reconciled,"Secondary sources give 32, 33, 36 and 46 for the national two-star count. One widely cited source claims MICHELIN covers a standalone Las Vegas guide from 2024 and a Midwest guide, neither of which appears in MICHELIN own jurisdiction list. That list runs New York, Chicago, Washington DC, California, Florida, Colorado, Atlanta, Texas, American South, Boston, Philadelphia, Southwest 2026 and Great Lakes 2027. Only per-guide selections published by MICHELIN itself were used.",Treat any national US star total from a secondary source as unverified,Open
QA-179,Name collision,Medium,ALL,L'Atelier de Joel Robuchon now appears four times,"Miami joins Tokyo, Hong Kong and Taipei. With LA TABLE de Joel Robuchon in Tokyo and the three-star Joel Robuchon in Tokyo, the group now accounts for six rows across four countries. This overtakes Kikunoi as the largest brand cluster in the database.",Confirm search and dedupe key on restaurant_code plus country,Open
QA-180,Resolved,High,ALL,hotel scope rules adopted and implemented,"Three rules were set: hotels holds only MICHELIN Key hotels, hotel_restaurant_links holds only verified links to Key hotels present in the database, and a restaurant inside a non-Key hotel stores the property name as contextual metadata without a hotel record or link row. The first two were already satisfied. The third required a new column, property_name, added to the restaurant table after located_in_hotel. 31 of the 34 affected restaurants were backfilled from names appearing literally in the address, in the restaurant name, or where the venue is its own inn. Three were left blank and are tracked as MA-062.",,Resolved
QA-181,Schema,High,ALL,located_in_hotel became redundant under the new rules,"With a link row marking a Key hotel and property_name marking a non-Key hotel, located_in_hotel is fully derivable. It also disagrees with the link table on 41 rows inherited from the original import. Keeping all three risks a fourth version of the truth, which is the pattern that produced QA-135.","See MA-063. Drop the column and derive it, or close MA-053 first.",Open
QA-182,Convention,Low,ALL,five properties host more than one starred restaurant,"Four Seasons Hotel Hong Kong holds three (Caprice, Lung King Heen, Noi by Paulo Airaudo); Grand Lisboa, The Landmark Mandarin Oriental, The St. Regis Hong Kong and Imperial Hotel Tokyo hold two each. property_name is free text, so these will not group reliably unless matched exactly.","If grouping by property becomes a feature, promote property_name to a lookup table",Open
QA-183,Resolved,High,ALL,MVP dataset finalised,"UUIDs cleared for Postgres generation; three unrepairable restaurants excluded to a pending file with their 2 link rows withdrawn; located_in_hotel set true on 39 linked restaurants. Final counts: 687 hotels, 772 restaurants, 66 relationships, 3 excluded. 37 of 38 validation checks pass.",,Resolved
QA-184,Verified,Low,Switzerland,IGNIV by Andreas Caminada appears twice within Switzerland,"rest_0238 in Andermatt and rest_0243 in Bad Ragaz share a name but are 80 km apart with distinct Place IDs and addresses. Two restaurants of one brand, already logged under QA-116. The name-within-country check flags it by design; it is not a defect. With La Brezza excluded, this is the only remaining case.","None; confirms search must key on restaurant_code, never on name",Resolved
QA-185,Retracted,High,Switzerland,rest_0240 La Brezza Arosa is probably a duplicate of rest_0241 Ascona,"RETRACTED. The hypothesis that rest_0240 duplicated rest_0241 was wrong. A MICHELIN card supplied 28 July 2026 confirms La Brezza in Arosa exists as a separate restaurant at Tschuggentorweg 1 inside the Tschuggen Grand Hotel, holding THREE stars. Chef Marco Campanella runs both: Arosa in winter, Ascona in summer. They share a name because they share a chef, not because of a transcription error. The row has been repaired and restored.",,Resolved
QA-186,Closure,High,Belgium,La Paix is temporarily closed and relocating to a Key hotel,"The MICHELIN card states La Paix has left rue Ropsy-Chaudron 49 in Anderlecht after more than 140 years and is moving into the Corinthia Grand Hotel Astoria Brussels, which is hotel_153 in the database with one MICHELIN Key. It retains two stars and MICHELIN still lists the old address. The stored Rue Royale 103 address and coordinates were therefore the future location rather than an error, though the stored Place ID matches neither the hotel nor that address. On reopening this becomes a starred restaurant inside a Key hotel and needs a link row, not a property_name.","Restore rest_0158 only after reopening, with a verified Place ID, and create the link to hotel_153",Open
QA-187,Convention,Medium,ALL,the database has no way to record a closed or relocating restaurant,"La Paix is the first known case of a starred restaurant that is temporarily closed. There is no status field, so the only options are to carry it as though it were open or to exclude it entirely. A user who dined there before the move has a legitimate visit to record.","Consider a status column with values such as open, temporarily_closed and relocated before launch",Open
QA-188,Correction,High,Switzerland,La Brezza Arosa was stored one tier too low,"rest_0240 was held at two stars throughout the project. The MICHELIN card supplied 28 July 2026 shows three. The row has been corrected and restored, taking Switzerland from four three-star restaurants to five and the global total from 120 to 121. Cuisine was also corrected from Italian to Creative and the address from the bare town name to Tschuggentorweg 1.",,Resolved
QA-189,Shared Place ID,Medium,Switzerland,rest_0240 shares hotel_59 Place ID,"Google holds no separate record for La Brezza Arosa after two lookup attempts. The MICHELIN card gives the same street address and the same telephone number as the Tschuggen Grand Hotel, and states the restaurant is part of it. The hotel Place ID ChIJp7Y0v_e8hEcR1NRYGOEVwVA was therefore assigned, making this the ninth deliberate hotel-restaurant Place ID share alongside Atrio, ABaC, Terra The Magic Place, Central Park, Solring Hof, Chateau Neercanne, 7132 and Kanamean Nishitomiya.","None; uniqueness remains per table, never across",Resolved
QA-190,Convention,Medium,Switzerland,"one chef, two seasonal restaurants, one name","Marco Campanella cooks at La Brezza Arosa in winter and La Brezza Ascona in summer. rest_0240 holds three stars and rest_0241 two. They are 130 km apart with different addresses, different Place IDs and different star counts. This is a genuinely new pattern for the database: not a brand collision like Da Vittorio, but one chef alternating between two rooms of the same name.",Keep distinct; a future chef entity would model this better than a name match,Open
QA-191,Resolved,High,Switzerland,rest_0254 Da Vittorio repaired and restored,"MICHELIN card supplied 28 July 2026 gives the published name Da Vittorio - St. Moritz, two stars, Via Johannes Badrutt 11, and states it is the restaurant of the Carlton Hotel with chef Paolo Rota from the Brusaporto flagship. Address and telephone match hotel_56 exactly. Google holds no separate record, so the Carlton Place ID was assigned, making the tenth deliberate hotel-restaurant share. Restored with its link to hotel_56.",,Resolved
QA-192,Root cause,Medium,Switzerland,why the wrong hotel data reached rest_0254,"The Carlton Hotel St. Moritz stands on Via Johannes Badrutt, a street named after the same family as Badrutt Palace Hotel two blocks away. That street-name collision is the most plausible route by which hotel_55 Badrutt Palace data was attached to a restaurant that actually sits in hotel_56 Carlton. A defect that took three QA entries and an exclusion to unwind traces back to two hotels sharing a family name.","When a restaurant address is inferred from a hotel, verify the hotel identity and not merely the street",Resolved
QA-193,Resolved,Medium,ALL,Da Vittorio brand collision dissolved,"QA-116 listed Da Vittorio as a cross-country brand collision. MICHELIN publishes the Swiss two-star as Da Vittorio - St. Moritz and the Italian three-star as Da Vittorio, so adopting the published names removes the collision entirely. Two of the six brand collisions in QA-116 are now resolved: this one by name, La Brezza by explanation.",,Resolved
QA-175,Missing record,High,restaurant,Verve by Sven,"One-star restaurant of Grand Resort Bad Ragaz absent from restaurants_master. Bad Ragaz hosts three starred restaurants, not two.",Create the row once place data exists. DATABASE_ARCHITECTURE section 6 uses Bad Ragaz as its worked example and says two.,Open
QA-176,Award value,High,restaurant,rest_0403 Villa Feltrinelli,"Stored two stars; MICHELIN card appears to show three. Entangled with MA-051, the missing Italian two-star.",Reconfirm at full resolution before adjusting either count.,Open
QA-177,Address,High,hotel,hotel_100 Sofitel Frankfurt Opera,"Hochstrasse 44 stored against Opernplatz 16 on the MICHELIN card. Roughly 400 m apart, so the bounding-box check passes either way.","Treat address, coordinates and Place ID as one suspect group.",Open
QA-178,Address,Medium,pair,hotel_13 and rest_0022,Von Dopfflaan 10 stored against 10 Von Dopffplein on the MICHELIN card. Different street types.,One error affects two rows because they share a Place ID.,Open
QA-179,Address,Medium,restaurant,rest_0374 Flores Raras,Carrer de Correus 8 stored against Correos 43-1o on the MICHELIN card.,Renamed on MICHELIN authority; address left alone pending confirmation.,Open
QA-180,Missing record,High,hotel,"Widder Hotel, The Dolder Grand",Both confirmed Two-Key from MICHELIN detail pages. Absent from hotels_master. They are the two that complete the Swiss Two-Key tier at 32.,Place data required before the rows can be created.,Open
QA-181,Spelling,Low,pair,hotel_118/rest_0227 and hotel_13/rest_0022,Sol ring Hof uses a curly apostrophe on the hotel row and a straight one on the restaurant row. Chateau Neercanne carries the accent on the hotel row only.,Normalise to the MICHELIN published form on both sides of each pair.,Open
QA-182,Duplicate candidate,Medium,hotel,7132 House of Architects,"A second hotel on the 7132 site, sharing street and postcode with hotel_83.",Record it so the address matcher cannot merge the two.,Open
QA-183,Schema headroom,Low,schema,award_history.award_type,Green Star and MICHELIN Young Chef Award observed; neither is expressible in the three current award types.,Widen the CHECK before the table is created.,Open
QA-184,Method,Medium,process,MICHELIN card dining box,"The dining box on a MICHELIN hotel card is neither exhaustive nor restricted to in-building venues. It omitted the two-star Widder Restaurant while listing a Bib Gourmand, and listed Rotes Haus - Restaurant am Marktplatz on the Rote Wand card. Absence from the box is not evidence against a link.","Use the box to propose a link, never to reject one. Under Decision 9 names may propose, not decide.",Open
QA-185,Method,Medium,process,MICHELIN restaurant card hotel box,The stay-in-the-hotel box is reliable when present and meaningless when absent: the Sol ring Hof restaurant card omits it although the hotel is in the selection.,Positive evidence only.,Open
QA-186,Documentation,Medium,docs,MVP_FINAL_VALIDATION_REPORT award line,"Stated 121/341/302/7, which sums to 771 against 774 rows. The file held 305 one-star rows.",Corrected to 121/340/306/7 after the Ambivium change.,Resolved
QA-187,Documentation,Medium,docs,Guide coverage count,"START_HERE and the validation report state four of the seven unstarred rows are in countries with no MICHELIN guide. Verified 28 Jul 2026 as six: Peru 4, Chile 1, Colombia 1. Only Wing, Hong Kong, is assessed and unstarred. FINAL_ARCHITECTURE_DECISIONS already said six.",Corrected to six.,Resolved
QA-188,Documentation,Low,docs,Campus link count,"MVP_ACTION_TRIAGE stated five Campus links, MA-021 to MA-025. The file held four; MA-025 was already Exact.",Corrected. All 68 links are now Exact.,Resolved
QA-189,Missing record,High,restaurant,Best of the Best hall of fame,"Five of eleven members absent: El Bulli, The Fat Duck, Noma, Mirazur, Central. Six are present as three-star rows.",Research place data before creating rows. Nothing may be inferred.,Open
QA-190,Award value,Medium,restaurant,Best of the Best induction years,"The publisher lists No.1 years, not induction years. worlds_50_best.year needs the latter.",Confirm per restaurant before seeding.,Open
QA-191,Scope,Medium,process,Scope rule,"Widened 28 Jul 2026 to admit Best of the Best hall-of-fame membership as a third qualifying condition. Bounded at 11 members, growing by one a year.","Deliberately not phrased as any former 50 Best listing, which would admit several hundred restaurants.",Resolved
QA-192,Scope,Low,schema,Green Star,Rejected by project decision. award_history.award_type stays at two values.,Closed.,Resolved
QA-193,Scope,Low,schema,Phone number column,Declined by project decision 28 Jul 2026. Neither catalogue table carries a phone number. Numbers captured during collection were discarded.,No migration penalty: a nullable column can be added later without touching data. google_place_id also resolves to a number through the Places API.,Resolved
