participant_display_name,participant_type,official_event_source_url,source_title,source_evidence,accessed_at,notes
Tout à Fait,restaurant,https://preuvenemint.nl/deelnemers/tout-a-fait-2,"Tout à Fait op 't Preuvenemint",Official participant page: chef-patron Bart Ausems; "Al jaren bekroond met een Michelinster" (Michelin-starred for years); participated "ruim twintig edities" (20+ editions); described as "een van de trouwste deelnemers" (one of the most loyal participants); external site toutafait.nl referenced,2026-08-16,Also listed on https://preuvenemint.nl/en/deelnemers-en-gerechten as "Michelin-starred restaurant of chef-patron Bart Ausems" serving "refined French cuisine"; corroborated by Chapeau Magazine (Tier 2) as "marking their 25th consecutive year"
The Mestreechter Brandslang,bar,https://preuvenemint.nl/en/deelnemers-en-gerechten,"'t Preuvenemint 2026 Participants (official)",Described as "Characterful brown pubs" serving "Brand beer and genuine Maastricht conviviality",2026-08-16,Refers to a collective/concept of traditional Maastricht brown cafés, not one single restaurant premises
2 Taste,caterer,https://preuvenemint.nl/en/deelnemers-en-gerechten,"'t Preuvenemint 2026 Participants (official)","Familiar classics with a unique twist, including Limburg favorites to street food",2026-08-16,"Returning participant per Chapeau Magazine; no standalone restaurant premises independently confirmed via secondary search (a distinct business named ""Taste2day"" exists in Maastricht but was not confirmed as the same entity)"
Coffeelovers,producer_vendor,https://preuvenemint.nl/en/deelnemers-en-gerechten,"'t Preuvenemint 2026 Participants (official)","Serves freshly brewed Blanche Dael coffee and tea, accompanied by homemade treats",2026-08-16,Coffee roaster/retail chain, not a restaurant
Royal Steaks & Cocktails,bar,https://www.chapeaumagazine.com/gastronomie/nieuwe-namen-preuvenemint-2026/,"Nieuwe namen op 't Preuvenemint 2026 in Maastricht",New for 2026 edition; described as a "steakhouse and cocktail bar" concept,2026-08-16,No standalone permanent restaurant premises independently identified; treated as a festival-stand concept
Amphitryon,organization,https://preuvenemint.nl/en/deelnemers-en-gerechten,"'t Preuvenemint 2026 Participants (official)",Described as a "Student association providing fresh bites and a warm atmosphere",2026-08-16,Maastricht student hospitality association, not a public restaurant
't Rommedoeke,specialty_shop,https://preuvenemint.nl/en/deelnemers-en-gerechten,"'t Preuvenemint 2026 Participants (official)","Maastricht's go-to delicatessen offering special cheeses, fine cold cuts, and homemade salads",2026-08-16,Retail delicatessen, not a restaurant
Noon,restaurant,https://preuvenemint.nl/en/deelnemers-en-gerechten,"'t Preuvenemint 2026 Participants (official)","Relaxed gastrobar with flavorful shared bites, European with an Asian twist, plus cocktails",2026-08-16,"Cross-confirmed as ""Restaurant Noon"", Griend 7, 6221 AJ Maastricht (Wyck) via independent web search (noonmaastricht.nl); returning participant per Chapeau Magazine"
Sauter Wijnen,producer_vendor,https://preuvenemint.nl/en/deelnemers-en-gerechten,"'t Preuvenemint 2026 Participants (official)","Wine business with over 120 years of wine experience",2026-08-16,Wine merchant, not a restaurant
De Oesterbazen & Les Trois Seaux,producer_vendor,https://preuvenemint.nl/en/deelnemers-en-gerechten,"'t Preuvenemint 2026 Participants (official)","Serve live-shucked Zeeland oysters to lobster, king crab, and fresh fish",2026-08-16,"Per Chapeau Magazine (Tier 2): combined stand of ""De Oesterbazen"" (oyster vendor from Yerseke) and ""Les Trois Seaux"" — a shared seafood stand, not a standalone restaurant"
Thiessen Wijnkoopers,producer_vendor,https://preuvenemint.nl/en/deelnemers-en-gerechten,"'t Preuvenemint 2026 Participants (official)","Oldest wine merchant in the Netherlands, located in Maastricht since 1717",2026-08-16,Wine merchant, not a restaurant
Goessens Professionals in Wine & WY.,producer_vendor,https://preuvenemint.nl/en/deelnemers-en-gerechten,"'t Preuvenemint 2026 Participants (official)","Wine selection paired with refined bites",2026-08-16,"New for 2026 per Chapeau Magazine (""Goessens Professionals in Wine en WY""); wine merchant + food-pairing collaboration, not a standalone restaurant"
Bali Bar,bar,https://preuvenemint.nl/en/deelnemers-en-gerechten,"'t Preuvenemint 2026 Participants (official)","Brings flavours of Indonesia, including satay to rendang",2026-08-16,Bar/festival stand, not a restaurant premises
Friet Elite,caterer,https://preuvenemint.nl/en/deelnemers-en-gerechten,"'t Preuvenemint 2026 Participants (official)","Fresh fries with creative toppings and homemade croquettes, bitterballen",2026-08-16,Fries/snack vendor, not a restaurant
Le Philippe,restaurant,https://preuvenemint.nl/en/deelnemers-en-gerechten,"'t Preuvenemint 2026 Participants (official)","French bistronomy with classic dishes with finesse",2026-08-16,"Cross-confirmed as Restaurant Le Philippe, Havenstraat 19, Maastricht, chef Danny Vanderhoven (opened in Maastricht this year); NOTE: an unrelated same-named restaurant ""Le Philippe"" exists in Rekem, Belgium on the Michelin Guide — confirmed NOT present in the production catalogue under any name, ruling out a false-positive cross-match; returning participant ""after debut last year"" per Chapeau Magazine"
Aperol,sponsor,https://preuvenemint.nl/en/deelnemers-en-gerechten,"'t Preuvenemint 2026 Participants (official)","Serves iconic orange spritz",2026-08-16,Beverage brand activation, not a restaurant
Bufkes,caterer,https://preuvenemint.nl/en/deelnemers-en-gerechten,"'t Preuvenemint 2026 Participants (official)","Makes flavorful warm sandwiches since 1996",2026-08-16,Sandwich/snack stand, not a restaurant
FIER by Bidfood,sponsor,https://preuvenemint.nl/en/deelnemers-en-gerechten,"'t Preuvenemint 2026 Participants (official)","Collaboration serving exquisite dishes, fine wines, and unique bites",2026-08-16,"Collaboration stand with Bidfood, a foodservice wholesale distributor — a sponsor/vendor activation, not a standalone restaurant; returning ""after debut last year"" per Chapeau Magazine"
IJsbaas,producer_vendor,https://preuvenemint.nl/en/deelnemers-en-gerechten,"'t Preuvenemint 2026 Participants (official)","Artisanal Italian ice cream with vegan options",2026-08-16,Ice cream vendor, not a restaurant
Enigma,restaurant,https://preuvenemint.nl/en/deelnemers-en-gerechten,"'t Preuvenemint 2026 Participants (official)","Restaurant offering creative, surprising dishes with a French foundation",2026-08-16,"Cross-confirmed as Restaurant Enigma, Sint Bernardusstraat 20, Maastricht, chefs Lisa van Vulpen / Ferry Gorren, opened March 2024, Gault&Millau 13.5/20; new for 2026 per Chapeau Magazine"
