ma_id,qa_id,entity_type,entity_code,entity_name,field,current_value,proposed_value,evidence_source,evidence_note,confidence,match_method,status,source_row_ref
MA-067,QA-176,restaurant,rest_0403,Villa Feltrinelli,michelin_stars,"2","no change – 2 stars confirmed correct","archieinteriors.com Italy-2026 Michelin star roundup (36 of 38 two-star names read directly, incl. Villa Feltrinelli); universofood.net ""Stelle Michelin 2026 – Tutti i ristoranti"" (independent roundup, same result); guide.michelin.com/.../villa-feltrinelli returned HTTP 403 to direct fetch","Two independent secondary sources that each list the full Italy 2026 two-star roster both place Villa Feltrinelli under the two-star tier, not three. The 28-Jul-2026 MICHELIN card capture cited in QA-176 was very likely misread at low resolution. Recommend NOT changing the stored value; MA-051's ""Italy becomes 16 three-star"" hypothesis does not hold – independently, both sources list exactly 15 three-star restaurants in Italy for 2026, none of them Villa Feltrinelli.",medium,code_exact,rejected,supabase/data/restaurants_master.csv row restaurant_code=rest_0403 (michelin_stars column)
MA-051,QA-090,restaurant,,Torre del Saracino,new_row:michelin_stars,"(not in catalogue)","2","torredelsaracino.it/en (official site: ""La Torre del Saracino - 2 Michelin Star""); universofood.net and archieinteriors.com Italy 2026 two-star rosters both list it; guide.michelin.com/us/en/campania/vico-equense/restaurant/torre-del-saracino (search snippet only, direct fetch blocked)","Chef Gennaro Esposito's long-running restaurant is a well-established, unambiguous two-star (previously held 3 stars in some past years); three independent sources agree on 2 stars for 2026. This is very likely one of the two restaurants genuinely missing from the 38-name Italian two-star tier that MA-051 flagged as short by one.",high,code_plus_country,proposed,supabase/data/restaurants_master.csv (new row – no restaurant_code assigned yet)
MA-051,QA-090,restaurant,,Torre del Saracino,new_row:address,"(not in catalogue)","Via Torretta 9, 80069 Vico Equense (NA), Italy","torredelsaracino.it/en; corroborating snippet from guide.michelin.com search result (""via Torretta 9, Vico Equense, 80069, Italy"")","Address text corroborated by the restaurant's own site domain and a MICHELIN search snippet, but not independently verified by direct fetch of either page (guide.michelin.com blocked; torredelsaracino.it not separately fetched for the address line). Treat as medium confidence pending a direct read of the official site.",medium,code_plus_country,proposed,supabase/data/restaurants_master.csv (new row)
MA-051,QA-090,restaurant,,Torre del Saracino,new_row:latitude+longitude+google_place_id,"(not in catalogue)","unable to verify","n/a – no Google Places API access in this research environment","Coordinates and a Place ID must come from an actual Google Maps/Places lookup, which this workspace cannot perform without fabricating a value. Left unresolved rather than guessed.",low,name_proposed_unconfirmed,unresolved,supabase/data/restaurants_master.csv (new row)
MA-051,QA-090,restaurant,,Il Piccolo Principe,new_row:michelin_stars,"(not in catalogue)","2","universofood.net and archieinteriors.com Italy 2026 two-star rosters; multiple Tripadvisor listing titles literally read ""Ristorante Il Piccolo Principe 2 stelle Michelin""; principedipiemonte.com (Grand Hotel Principe di Piemonte, the restaurant's home hotel)","Chef Giuseppe Mancino's restaurant has held two stars continuously since 2014 per multiple sources. Very likely the second of the two restaurants genuinely missing from the Italian two-star tier flagged by MA-051.",high,code_plus_country,proposed,supabase/data/restaurants_master.csv (new row – no restaurant_code assigned yet)
MA-051,QA-090,restaurant,,Il Piccolo Principe,new_row:address,"(not in catalogue)","Piazza Giacomo Puccini 1, 55049 Viareggio (LU), Italy (inside Grand Hotel Principe di Piemonte)","principedipiemonte.com/en/dine/ristorante-il-piccolo-principe.html","Address text corroborated by the parent hotel's own site; not independently fetched to confirm the exact string, so kept at medium confidence.",medium,code_plus_country,proposed,supabase/data/restaurants_master.csv (new row)
MA-051,QA-090,restaurant,,Il Piccolo Principe,new_row:latitude+longitude+google_place_id,"(not in catalogue)","unable to verify","n/a – no Google Places API access","Same limitation as Torre del Saracino above – left unresolved rather than guessed.",low,name_proposed_unconfirmed,unresolved,supabase/data/restaurants_master.csv (new row)
MA-051,QA-090,restaurant,rest_0394,Tre Olivi,michelin_stars,"2","1","universofood.net (""The Tre Olivi Restaurant in Paestum has 1 Star in the MICHELIN Italy Guide 2026""); scattidigusto.it coverage of chef change (Oliver Glowig replacing Giovanni Solofra) at the ""due stelle"" (2022) Tre Olivi, implying the 2-star era predates the current 2026 listing","This is a NEW finding, not one of the original 4 value-conflict items. The project's own QA-090 note says Tre Olivi was ""confirmed two-star from an earlier MICHELIN article"" – that earlier confirmation appears to be for the 2022 guide, under a different chef. Independent 2026-dated sources consistently show Tre Olivi has since been demoted to one star. Net effect on MA-051: correcting Tre Olivi to 1★ and adding Torre del Saracino + Il Piccolo Principe above reconciles the roster to exactly 38 two-star restaurants for Italy 2026 (37 current − 1 Tre Olivi + 2 new = 38).",medium,code_exact,proposed,supabase/data/restaurants_master.csv row restaurant_code=rest_0394 (michelin_stars column)
MA-068,QA-177,hotel,hotel_100,Sofitel Frankfurt Opera,address,"Hochstraße 44, 60313 Frankfurt am Main","no change – confirmed correct (same building as ""Opernplatz 16"")","sofitel-frankfurt.com/contact-us/ (official hotel site: address given as ""Hochstrasse 44, 60313 Frankfurt Am Main""); all.accor.com/hotel/8159 (official Accor listing gives both ""Hochstrasse 44, Opernplatz 16, 60313 Frankfurt am Main"" together, noting ""hotel access is only possible via Hochstrasse 44""); en.wikipedia.org/wiki/Sofitel_Frankfurt_Opera (cites a third number, Opernplatz 14, for the same building)","The hotel occupies a triangular block with three frontages (Opernplatz, Hochstraße, and the Wallanlagen park) and is legitimately reachable under more than one street name/number – this is NOT the ~400 m separation MA-068 assumed; it is one building with dual postal addressing. The operator's own site treats Hochstraße 44 as the current, correct, and only-accessible address. Recommend no change to address, latitude, longitude, or google_place_id.",high,code_exact,rejected,supabase/data/hotels_master.csv row hotel_code=hotel_100 (address/latitude/longitude/google_place_id columns – whole suspect group cleared)
MA-069,QA-178,pair,hotel_13 + rest_0022,Château Neercanne / Chateau Neercanne,address,"Von Dopfflaan 10, 6213 NG Maastricht","no change – confirmed correct","oostwegelcollection.nl/chateau-neercanne/en (official operator site, address given verbatim as ""Von Dopfflaan 10, 6213 NG Maastricht""); en.wikipedia.org/wiki/Château_Neercanne (independently gives the same street name and number, plus coordinates)","Two independent sources, including the property's own operator, confirm ""Von Dopfflaan"" (a laan), not ""Von Dopffplein"" (a plein). MA-069's premise that the MICHELIN card shows a different street appears to be a misread or a MICHELIN-side error. Recommend no address change on either row. This item is also already marked ""Ratified"" in the project's own supabase/data/venues_to_check.csv (row W023: one shared Place ID legitimately covers both hotel and restaurant).",high,code_exact,rejected,"supabase/data/hotels_master.csv row hotel_code=hotel_13, and supabase/data/restaurants_master.csv row restaurant_code=rest_0022 (address columns)"
MA-069,QA-178,restaurant,rest_0022,Chateau Neercanne,latitude,"50.828","50.818737","en.wikipedia.org/wiki/Château_Neercanne (gives coordinates ""50°49′7.98″N 5°40′4.55″E"" = 50.8188833°N, 5.6679306°E, matching hotel_13's stored value to within ~10 m)","NEW FINDING, independent of the address question above: rest_0022 and hotel_13 share the identical google_place_id (ChIJueerN-LowEcRt2mMhYhmkvk) yet store different coordinates roughly 1.7 km apart. Since the project has already ""Ratified"" that one Place ID legitimately covers both rows, they must share one coordinate pair. Wikipedia's independently sourced figure matches hotel_13's stored latitude almost exactly, confirming hotel_13 is correct and rest_0022 is the outlier that needs fixing.",high,code_exact,proposed,supabase/data/restaurants_master.csv row restaurant_code=rest_0022 (latitude column)
MA-069,QA-178,restaurant,rest_0022,Chateau Neercanne,longitude,"5.6882","5.667403","en.wikipedia.org/wiki/Château_Neercanne (same citation as latitude row above)","Same finding as the latitude row: matches hotel_13's stored longitude to within ~10 m; rest_0022's current value is roughly 1.7 km off despite sharing hotel_13's exact Place ID.",high,code_exact,proposed,supabase/data/restaurants_master.csv row restaurant_code=rest_0022 (longitude column)
MA-070,QA-179,restaurant,rest_0374,Flores Raras,address,"Carrer de Correus 8, 46002 València","no change – confirmed correct (optionally append floor: ""Carrer de Correus 8, 1º, 46002 València"")","floresraras.com/en/home/ (official restaurant site: ""8, Correos st, 1st floor, Valencia""); quiquedacosta.es press release (""8 Correos Street, 1st floor – 46002 – Valencia (Spain)"")","Two independent primary sources – the restaurant's own site and its parent group's official press release – both confirm house number 8, not 43. MA-070's claimed MICHELIN card reading of ""Correos 43-1º"" is contradicted by both. Recommend no change to the street/number; optionally append the floor designation ""1º"" which is present on the official site but missing from the stored string. No change to latitude/longitude/google_place_id needed.",high,code_exact,rejected,supabase/data/restaurants_master.csv row restaurant_code=rest_0374 (address column)
MA-048,QA-085,hotel,hotel_460,Terra - The Magic Place,google_place_id,"ChIJI0PeyImjgkcRar4w7mUaHAo","unable to verify – no independent hotel-only Place ID found","Internal cross-check only: supabase/data/restaurants_master.csv row restaurant_code=rest_0419 (Terra The Magic Place restaurant) stores the identical google_place_id AND identical coordinates as hotel_460","Confirms MA-048's suspicion for this property: the ""hotel"" Place ID is literally the same record as the restaurant's, strongly implying Google's listing is typed as the restaurant, not the accommodation. No alternate hotel-specific Place ID could be located via WebSearch (this workspace has no Google Places API access to check the `types` field directly). Needs a human reviewer with Maps/Places access.",medium,code_exact,unresolved,supabase/data/hotels_master.csv row hotel_code=hotel_460 (google_place_id column)
MA-048,QA-085,hotel,hotel_480,Atrio Restaurante Hotel,google_place_id,"ChIJm1JTpdbfFQ0Rv2Lf-opFjX0","unable to verify – no independent hotel-only Place ID found","Internal cross-check: supabase/data/restaurants_master.csv row restaurant_code=rest_0350 (Atrio restaurant) stores the identical google_place_id and identical coordinates as hotel_480; corroborates the project's own QA-085 (""Atrio Cáceres"" returns types fine_dining_restaurant and bar – no hotel type)","Same pattern as Terra above. The single-building, single-Place-ID situation may simply be how Google models this property (Atrio is one address combining a 3-star restaurant and a 3-Key hotel) rather than a fixable error – but this cannot be confirmed without Places API access.",medium,code_exact,unresolved,supabase/data/hotels_master.csv row hotel_code=hotel_480 (google_place_id column)
MA-048,QA-085,hotel,hotel_537,ABaC Restaurant & Hotel,google_place_id,"ChIJjZxWjQ-YpBIR_xbBOD9lZ1k","unable to verify – no independent hotel-only Place ID found","Internal cross-check: supabase/data/restaurants_master.csv row restaurant_code=rest_0002 (ABAC restaurant) stores the identical google_place_id","Same shared-ID pattern as Terra/Atrio above, but see the separate coordinate-mismatch finding below – unlike Terra/Atrio, hotel_537 and rest_0002 do NOT store identical coordinates despite the identical Place ID, which needs its own resolution first.",medium,code_exact,unresolved,supabase/data/hotels_master.csv row hotel_code=hotel_537 (google_place_id column)
MA-048,QA-085,pair,hotel_537 + rest_0002,ABaC Restaurant & Hotel / ABAC,latitude+longitude,"hotel_537: 41.410635,2.136359 -vs- rest_0002: 41.4145,2.1344 (identical shared place_id ChIJjZxWjQ-YpBIR_xbBOD9lZ1k)","unable to verify which pair is correct","No independent source with precise coordinates for Avinguda del Tibidabo 1, Barcelona was found via WebSearch/WebFetch in this session","NEW FINDING, same bug pattern as the hotel_13/rest_0022 Château Neercanne case: two rows sharing one google_place_id should not store two coordinate pairs roughly 460 m apart. Flagged for a fresh Places lookup; not resolved here because guessing which pair is right would risk fabricating a coordinate.",low,code_exact,unresolved,"supabase/data/hotels_master.csv row hotel_code=hotel_537, and supabase/data/restaurants_master.csv row restaurant_code=rest_0002 (latitude/longitude columns)"
MA-048,QA-085,hotel,,Grand Hotel a Villa Feltrinelli (hotel side),google_place_id,"(no hotel_master row exists)","no new row needed – already resolved as a non-Key property","supabase/data/qa_issues.csv row QA-095 (""Neither hotel holds a MICHELIN Key so neither is in the hotel table""); supabase/data/venues_to_check.csv row W019 (status: ""Resolved - non-Key property"")","CORRECTION TO MA-048's OWN FRAMING: MA-048 lists ""Villa Feltrinelli (hotel side)"" as one of the 9 properties needing a hotel Place ID check, implying a hotel_master row should exist. It does not, and per the project's own QA-095/W019 determination, it should not – Grand Hotel a Villa Feltrinelli does not hold a MICHELIN Key, so it is correctly excluded from hotels_master under the project's hotel-scope rule (QA-180). rest_0403 already stores property_name=""Grand Hotel a Villa Feltrinelli"" as contextual metadata with located_in_hotel=true and no hotel row/link, which is the correct treatment. No action required.",high,code_exact,rejected,"n/a – confirms existing project resolution (QA-095, venues_to_check.csv row W019)"
MA-048,QA-085,hotel,hotel_136,Walch's Rote Wand Gourmet Hotel,google_place_id,"ChIJ__6lUQCnnEcRrSEW6JsST_0","no change – likely correct, evidence does not support the suspicion","Internal cross-check: supabase/data/restaurants_master.csv row restaurant_code=rest_0271 (Rote Wand Chef's Table) stores a DIFFERENT google_place_id (ChIJr9qNfEWnnEcRzDK3g7iDYhs) and a different building number (Zug 6 vs the hotel's Zug 5); supabase/data/hotel_restaurant_links.csv row link_0029 already documents this as an ""Exact"" link on that basis; supabase/data/venues_to_check.csv row W066 status = ""Approved - Exact""","Unlike Terra/Atrio/ABaC above, Rote Wand's hotel and restaurant are already distinguished by separate Place IDs and separate building numbers in our own data, and the project has already approved that distinction. No internal evidence supports MA-048's suspicion for this specific property.",medium,code_exact,rejected,supabase/data/hotels_master.csv row hotel_code=hotel_136 (google_place_id column)
MA-048,QA-085,hotel,hotel_116,Seesteg Norderney,google_place_id,"ChIJdVN7v08FtkcROqcuWm_SFJg","unable to verify","seesteg-norderney.de (official site); confirms address ""Damenpfad 36a, 26548 Norderney"" matches stored data","The Michelin-starred restaurant inside this hotel (also called ""Seesteg"") has not been separately catalogued (no rest_xxxx row), so no internal cross-check is possible the way it was for Terra/Atrio/Rote Wand. Address is confirmed correct; whether the Place ID types as lodging vs. restaurant/spa could not be checked without Places API access.",low,code_exact,unresolved,supabase/data/hotels_master.csv row hotel_code=hotel_116 (google_place_id column)
MA-048,QA-085,hotel,hotel_250,Widmann's Löwen,google_place_id,"ChIJyYwENOQQmUcR26ZAHxoFPjo","unable to verify","widmanns-albleben.de (official site); confirms address ""Struthstraße 17, Königsbronn-Zang"" matches stored data","The Michelin-starred restaurant here is named ""ursprung"" and is not separately catalogued. Same limitation as Seesteg above – address confirmed, Place ID type unverified.",low,code_exact,unresolved,supabase/data/hotels_master.csv row hotel_code=hotel_250 (google_place_id column)
MA-048,QA-085,hotel,hotel_287,L'Ovella Negra Mountain,google_place_id,"ChIJ73fKEyVjrxIRBwLHrLTQd6k","unable to verify","lovellanegra.com (official site); confirms this is a genuine 4-room boutique lodge in Canillo, Andorra, with an on-site restaurant/bar not separately catalogued","Address/identity confirmed correct; Place ID type (lodging vs. restaurant) unverified without Places API access.",low,code_exact,unresolved,supabase/data/hotels_master.csv row hotel_code=hotel_287 (google_place_id column)
MA-048,QA-085,hotel,hotel_315,Quadrille,google_place_id,"ChIJm-3nw5Wg_UYRlZOqkN8Vbo8","unable to verify","relaischateaux.com/us/poland/quadrille-gdynia; quadrille.pl/en (official hotel site, ""ul. Folwarczna 2, 81-547 Gdynia"", matching stored data exactly)","CORRECTION TO MA-048's OWN FRAMING: the manual-action note speculates ""Quadrille (Spain — likely Atrio-adjacent)"". This is factually wrong. hotel_315 Quadrille is a genuine, unrelated Relais & Châteaux property in Gdynia, POLAND, with its own on-site restaurant (""Quadrille Restaurant""/""The White Rabbit Restaurant""). It has no connection whatsoever to Atrio or Spain. Country and address in our master data are already correct; only the original Place-ID-type question (does it resolve to the hotel or its restaurant) remains genuinely open and unverified.",low,code_exact,unresolved,supabase/data/hotels_master.csv row hotel_code=hotel_315 (google_place_id column)
MA-046,QA-112,restaurant,rest_0452,L'Atelier de Joël Robuchon,address,"Shop 401 & 415, 4/F, The Landmark, 15 Queen's Road Central, Central, Hong Kong","Shops 403-410, 4/F, The Landmark, 15 Queen's Road Central, Central, Hong Kong","landmark.hk/en/dine/latelier-de-joel-robuchon (official Landmark tenant directory); jrobuchon.com/our_locations/latelier-et-le-jardin-de-joel-robuchon-hongkong (group site distinguishes L'Atelier at Shops 403-410 from the sibling Le Jardin de Joël Robuchon at Shop 401)","The stored address currently splices together ""Shop 401"" – which the Landmark's own site attributes to the separate sibling concept Le Jardin de Joël Robuchon – with ""415"". This is consistent with MA-046's suspicion of an address/identity conflation between the two concepts. The google_place_id may also need re-verification for the same reason (see next row); not confirmed here.",medium,code_exact,proposed,supabase/data/restaurants_master.csv row restaurant_code=rest_0452 (address column)
MA-046,QA-112,restaurant,rest_0452,L'Atelier de Joël Robuchon,google_place_id,"ChIJwVykxpIABDQR1MZ-gH1ykQk","unable to verify","n/a – no Google Places API access","Given the address conflation found above, the stored Place ID plausibly resolves to a combined or wrong listing, but this cannot be confirmed without a live Places lookup.",low,code_exact,unresolved,supabase/data/restaurants_master.csv row restaurant_code=rest_0452 (google_place_id column)
MA-046,QA-112,restaurant,rest_0451,Lai Ching Heen,identity/address,"Regent Hong Kong, 18 Salisbury Road, Tsim Sha Tsui, Hong Kong","no change – confirmed to be one restaurant, not a merged identity","scmp.com/magazines/good-eating/article/3219518 (South China Morning Post: ""the restaurant opened in 1984 as Lai Ching Heen, became Yan Toh Heen during the InterContinental Hong Kong years, before returning to the Lai Ching Heen name when the hotel reverted to Regent""); hongkong.regenthotels.com/dining-destination/lai-ching-heen","MA-046's concern was that ""Lai Ching Heen (Yan Toh Heen)"" merges two restaurant identities. Reputable press confirms this is a SINGLE restaurant with a name history tied to the hotel's own brand changes (Regent → InterContinental → Regent), not two distinct venues. The stored address (18 Salisbury Road) and google_place_id are for the one restaurant that has always occupied that space. Recommend no change.",high,code_exact,rejected,supabase/data/restaurants_master.csv row restaurant_code=rest_0451 (no column change)
MA-045,QA-109,restaurant,,The Huaiyang Garden,new_row:address,"(not in catalogue)","2/F (Shop 2206A & 2208), The Londoner Macao, Estrada do Istmo, Coloane-Taipa, Macau","en.sandsresortsmacao.com/sands-lifestyle/press-release/2024-03-14/the-huaiyang-garden-only-newly-awarded-two-michelin-star-restaurant.html (official Sands Resorts Macao press release); openrice.com listing (""The Huaiyang Garden - Huaiyang in Coloane-Taipa The Londoner Macao Macau""); londonermacao.com/macau-restaurants/huaiyang-garden.html (official Londoner Macao site); us.trip.com listing giving ""2/F, The Londoner Macao, Estrada do Istmo, Coloane-Taipa, Macau""","MAJOR CORRECTION to MA-045's own framing: the note assumes The Huaiyang Garden is ""a different restaurant at the same [Grand Lisboa Palace] resort"" as Palace Garden. This is wrong. The Huaiyang Garden is at an entirely different resort – The Londoner Macao (a Sands China property) – while Palace Garden is at Grand Lisboa Palace. They are not sibling restaurants at the same address; the search engine confusion was almost certainly driven by name/cuisine similarity ('Garden'), not shared location. Four independent sources (Sands' own press release, OpenRice, the Londoner Macao's own site, Trip.com) agree on the Londoner Macao location.",high,code_plus_country,proposed,supabase/data/restaurants_master.csv (new row – currently listed in macau_pending_lookup.csv per MA-045)
MA-045,QA-109,restaurant,,The Huaiyang Garden,new_row:latitude+longitude+google_place_id,"(not in catalogue)","unable to verify","n/a – no Google Places API access","Exact coordinates/Place ID for the specific 2/F shop unit within The Londoner Macao were not located via WebSearch/WebFetch. Left unresolved rather than guessed from the resort's general location.",low,name_proposed_unconfirmed,unresolved,supabase/data/restaurants_master.csv (new row)
MA-054,QA-144,hotel,,Atami Izusan Karaku,new_row:address,"(not in catalogue)","630-1 Izusan, Atami, Shizuoka 413-0002, Japan","ikyu.com/en-us/00003103 (booking listing); guide.michelin.com hotel-selection search snippet corroborates the name/location as a 1-Michelin-Key ryokan in Atami","Address corroborated by a major Japanese booking platform; not independently confirmed by the operator's own site, so kept at medium confidence. Confirms this is a distinct property from the wrongly-returned ""Tokyu Harvest Club Atami Izusan & VIALA"".",medium,code_plus_country,proposed,supabase/data/hotels_master.csv (new row – no hotel_code assigned yet)
MA-054,QA-144,hotel,,Atami Izusan Karaku,new_row:michelin_keys,"(not in catalogue)","1","supabase/data/venues_to_check.csv row W008 (""Atami Izusan Karaku, Atami, Japan, 1 Key"")","Key count already established by the project's own prior research; repeated here only so the new row can be created with a complete field set.",high,code_plus_country,proposed,supabase/data/hotels_master.csv (new row)
MA-054,QA-144,hotel,,Atami Izusan Karaku,new_row:latitude+longitude+google_place_id,"(not in catalogue)","unable to verify","n/a – no Google Places API access","Left unresolved rather than guessed.",low,name_proposed_unconfirmed,unresolved,supabase/data/hotels_master.csv (new row)
MA-054,QA-144,hotel,,Kinugawa Keisui,new_row:address,"(not in catalogue)","unable to verify – general area confirmed as Kinugawa Onsen, Nikko, Tochigi Prefecture, Japan","travel.rakuten.com hotel listing and several booking aggregators (Tablet Hotels, LateRooms, Booking.com) confirm the property and general area but none surfaced a precise street/lot address in the fetched snippets","Could not locate a verifiable exact street address for this property via WebSearch/WebFetch in this session. Confirmed as a distinct 10-room modern-ryokan property from the wrongly-returned ""Tokyu Harvest Club VIALA Kinugawakeisui"", but exact address left unresolved rather than guessed.",low,name_proposed_unconfirmed,unresolved,supabase/data/hotels_master.csv (new row)
MA-054,QA-144,hotel,,Kinugawa Keisui,new_row:michelin_keys,"(not in catalogue)","1","supabase/data/venues_to_check.csv row W009 (""Kinugawa Keisui, Nikko, Japan, 1 Key"")","Key count already established by the project's own prior research.",high,code_plus_country,proposed,supabase/data/hotels_master.csv (new row)
MA-054,QA-144,hotel,,Kinugawa Keisui,new_row:latitude+longitude+google_place_id,"(not in catalogue)","unable to verify","n/a","Left unresolved.",low,name_proposed_unconfirmed,unresolved,supabase/data/hotels_master.csv (new row)
MA-054,QA-144,hotel,,Benesse House,new_row:address,"(not in catalogue)","Gotanji, Naoshima, Kagawa-gun, Kagawa Prefecture, Japan","benesse-artsite.jp/en/stay (official Benesse Art Site Naoshima page); guide.michelin.com hotel-selection search snippet corroborates as a 2-Key property","This is the accommodation building, confirmed distinct from the Benesse House Museum building that the original lookup incorrectly returned. Address is at neighborhood-level precision (no street number is normally used on Naoshima); medium confidence pending official confirmation of the exact building's address string.",medium,code_plus_country,proposed,supabase/data/hotels_master.csv (new row – no hotel_code assigned yet)
MA-054,QA-144,hotel,,Benesse House,new_row:michelin_keys,"(not in catalogue)","2","supabase/data/venues_to_check.csv row W010 (""Benesse House, Naoshima, Japan, 2 Keys"")","Key count already established by the project's own prior research.",high,code_plus_country,proposed,supabase/data/hotels_master.csv (new row)
MA-054,QA-144,hotel,,Benesse House,new_row:latitude+longitude+google_place_id,"(not in catalogue)","unable to verify","n/a","Left unresolved. Note the accommodation and the art museum are on the same small campus, so extra care is needed to obtain the lodging-specific Place ID rather than the museum's.",low,name_proposed_unconfirmed,unresolved,supabase/data/hotels_master.csv (new row)
MA-055,QA-154,restaurant,,Ogata,new_row:address,"(not in catalogue)","726 Shinkamanzacho, Shimogyo-ku, Kyoto, 600-8471, Japan","elitetraveler.com/restaurant/17840/ogata; wanderlog.com place listing (""Higashiyama Ogata""); guide.michelin.com search snippet corroborates 2-star kaiseki status","Multiple independent sources agree on this address for the two-star kaiseki restaurant, clearly distinct from the wrongly-returned western-style ""Youshoku Ogata"" (hamburger steak restaurant).",medium,code_plus_country,proposed,supabase/data/restaurants_master.csv (new row – no restaurant_code assigned yet)
MA-055,QA-154,restaurant,,Ogata,new_row:latitude+longitude+google_place_id,"(not in catalogue)","unable to verify","n/a – no Google Places API access","Left unresolved rather than guessed.",low,name_proposed_unconfirmed,unresolved,supabase/data/restaurants_master.csv (new row)
MA-056,QA-162,restaurant,,Kyo Seika,new_row:address,"(not in catalogue)","2F, 36-3 Okazaki Enshojicho, Sakyo-ku, Kyoto, 606-8344, Japan","viamichelin.com listing; foodle.pro restaurant profile; ikyu.com restaurant listing (京 静華, Okazaki)","Multiple sources converge on this address for the one-star Chinese restaurant, distinct from the wrongly-returned ramen/gyoza house ""Kyoto Seikaen"".",medium,code_plus_country,proposed,supabase/data/restaurants_master.csv (new row – no restaurant_code assigned yet)
MA-056,QA-162,restaurant,,Kyo Seika,new_row:operating_status,"(not in catalogue)","NEW FINDING: as of this research, the restaurant is reported temporarily closed, with a planned reopening in September (year not stated in source, presumed 2026)","foodle.pro and other listing snippets found via WebSearch (""The restaurant is temporarily closed and is planned to reopen in September'')","Worth flagging for import timing even though it doesn't map to a stored column – if imported now it may need a temporarily_closed-style flag rather than being marked fully open, similar to the treatment already used for La Paix (MA-064).",low,name_proposed_unconfirmed,unresolved,supabase/data/restaurants_master.csv (new row)
MA-056,QA-162,restaurant,,Kyo Seika,new_row:latitude+longitude+google_place_id,"(not in catalogue)","unable to verify","n/a","Left unresolved.",low,name_proposed_unconfirmed,unresolved,supabase/data/restaurants_master.csv (new row)
MA-056,QA-162,restaurant,,Kenya,new_row:address,"(not in catalogue)","unable to verify – NEW FINDING: restaurant relocated in early 2026 and the former address is now stale","tabelog.com listing explicitly marked ""[Relocated] Japanese cuisine Kenya"" showing former address ""28-22 Okazaki Tokuseicho, Sakyo-ku, Kyoto, 606-8351"" now superseded; a second Tabelog listing under the Takaragaike/Eizan-Railway area (URL tabelog.com/kyoto/A2601/A260303/26044591/) appears to be the new location but returned HTTP 403 on fetch, so its exact address could not be read","MA-056 was written against the pre-relocation address. As of this research, Kenya (研野) closed its Okazaki location at the end of January 2026 and moved to a new site nearer Takaragaike. Do not import the old Okazaki address as current. The exact new street address needs a human to open the Tabelog/official listing directly (blocked here by a 403).",low,name_proposed_unconfirmed,unresolved,supabase/data/restaurants_master.csv (new row)
MA-056,QA-162,restaurant,,Kenya,new_row:latitude+longitude+google_place_id,"(not in catalogue)","unable to verify","n/a","Left unresolved pending the address above.",low,name_proposed_unconfirmed,unresolved,supabase/data/restaurants_master.csv (new row)
MA-057,QA-166,restaurant,,Sassa,new_row:address,"(not in catalogue)","5-13-6 Hiroo, Shibuya-ku, Tokyo (ARISTO Hiroo building)","tableall.com/restaurant/371; restaurantsforkings.com (""Sassa — One-Star Hiroo Kaiseki Counter, Tokyo""); guide.michelin.com search snippet","Multiple sources confirm the Hiroo district location, consistent with MA-057's own note that the wrongly-returned ""Sasaya Asakusa"" is in the wrong district entirely. The Shibuya-ku ward attribution for Hiroo is general knowledge, not explicitly stated in every source fetched, so kept at medium confidence.",medium,code_plus_country,proposed,supabase/data/restaurants_master.csv (new row – no restaurant_code assigned yet)
MA-057,QA-166,restaurant,,Sassa,new_row:latitude+longitude+google_place_id,"(not in catalogue)","unable to verify","n/a","Left unresolved.",low,name_proposed_unconfirmed,unresolved,supabase/data/restaurants_master.csv (new row)
MA-057,QA-166,restaurant,,Hyakuyaku by Tokuyamazushi,new_row:address,"(not in catalogue)","9F, 4-4-2 Ginza, Chuo-ku, Tokyo, 104-0061, Japan (Yasuda Building)","tabelog.com/en/tokyo/A1301/A130101/13302825; ai-finedining.com/restaurants/hyakuyaku-by-tokuyamazushi; joinpearl.co/restaurants/tokyo/hyakuyaku-by-tokuyamazushi","Multiple sources confirm this is a Ginza, TOKYO address (2-minute walk from Ginza Station Exit A13), directly refuting MA-057's note that the lookup returned ""its parent restaurant in Shiga prefecture, 350 km away''. The correct Tokyo branch does exist and has its own address.",high,code_plus_country,proposed,supabase/data/restaurants_master.csv (new row – no restaurant_code assigned yet)
MA-057,QA-166,restaurant,,Hyakuyaku by Tokuyamazushi,new_row:latitude+longitude+google_place_id,"(not in catalogue)","unable to verify","n/a","Left unresolved.",low,name_proposed_unconfirmed,unresolved,supabase/data/restaurants_master.csv (new row)
MA-060,"QA-177(US)",restaurant,,Masa,new_row:address,"(not in catalogue)","10 Columbus Circle, 4th Floor, New York, NY 10019 (Deutsche Bank Center, formerly Time Warner Center)","masanyc.com (official site); theshopsatcolumbuscircle.com/restaurants/masa; Wikipedia Masa (restaurant) / Kappo Masa Restaurant articles","Confirms the correct building. However, this is the SAME street address as the wrongly-returned Bar Masa (they are on the same floor of the same complex), so the address alone cannot disambiguate the two – see the google_place_id row below.",medium,code_plus_country,proposed,supabase/data/restaurants_master.csv (new row – no restaurant_code assigned yet)
MA-060,"QA-177(US)",restaurant,,Masa,new_row:michelin_stars,"(not in catalogue)","2","MA-060's own note (""Masa was demoted from three to two stars in November 2025''); supabase/data/venues_to_check.csv row W031 lists Masa at ""2 stars''","Consistent with the project's own already-established fact; repeated here so the new row can be created with a complete field set.",high,code_plus_country,proposed,supabase/data/restaurants_master.csv (new row)
MA-060,"QA-177(US)",restaurant,,Masa,new_row:google_place_id,"(not in catalogue)","unable to verify – must be distinguished from Bar Masa's Place ID at the same address","n/a – no Google Places API access","Masa and Bar Masa share a building and floor, so a name-only or address-only web search cannot reliably separate their two Google Place IDs. This requires an actual Places lookup (e.g. searching ""Masa'' inside Google Maps and confirming it is not the informal Bar Masa listing) that this workspace cannot safely perform without risking picking the wrong one.",low,name_proposed_unconfirmed,unresolved,supabase/data/restaurants_master.csv (new row)
MA-062,QA-180,restaurant,rest_0450,Cristal Room by Anne-Sophie Pic,located_in_hotel / property_name,"located_in_hotel=False, property_name=(blank)","no change – already correctly resolved","supabase/data/manual_actions_required.csv row MA-062 (""Two of three resolved 28 Jul 2026: MICHELIN cards place Cristal Room and L'Atelier de Joel Robuchon inside The Landmark, an office and retail complex, so located_in_hotel was set to false''); current restaurants_master.csv row confirms located_in_hotel=False, property_name blank","Cross-referenced only, per instructions – no further action needed. Included so this file has full coverage of MA-062's three restaurants.",high,code_exact,rejected,supabase/data/restaurants_master.csv row restaurant_code=rest_0450 (no column change)
MA-062,QA-180,restaurant,rest_0452,L'Atelier de Joël Robuchon,located_in_hotel / property_name,"located_in_hotel=False, property_name=(blank)","no change – already correctly resolved","Same MA-062 note as rest_0450 above; current restaurants_master.csv row confirms located_in_hotel=False, property_name blank","Cross-referenced only. Note this is a separate question from the address/google_place_id issue raised under MA-046 above for the same row.",high,code_exact,rejected,supabase/data/restaurants_master.csv row restaurant_code=rest_0452 (no column change)
MA-062,QA-180,restaurant,rest_0766,Jean-Georges,property_name,"(blank)","Trump International Hotel and Tower","en.wikipedia.org/wiki/Jean-Georges_(restaurant) (""French chef Jean-Georges Vongerichten was hired to operate Jean-Georges, a ground-story restaurant at the Trump International Hotel and Tower''); restaurant's own stated address (1 Central Park West) matches the hotel tower's address exactly","Jean-Georges has occupied the ground floor of Trump International Hotel and Tower since 1997 per Wikipedia. Trump International Hotel and Tower (NYC) does not appear to hold a MICHELIN Key and is not a candidate for a new hotels_master row under the project's own hotel-scope rule (QA-180) – property_name should be stored as contextual metadata only, exactly like the 31 other restaurants already backfilled this way, with located_in_hotel remaining true and no hotel_master row or hotel_restaurant_links row created.",high,code_exact,proposed,supabase/data/restaurants_master.csv row restaurant_code=rest_0766 (property_name column)
MA-071,QA-180,hotel,,Widder Hotel,new_row:address,"(not in catalogue)","Widdergasse 6, 8001 Zürich, Switzerland","lhw.com/hotel/Widder-Hotel-Zurich-Switzerland (The Leading Hotels of the World, official partner listing); widderhotel.com/en (official hotel site); zuerich.com/en/visit/place/widder-hotel","This is the identical address already stored on supabase/data/restaurants_master.csv row restaurant_code=rest_0264 (Widder Restaurant, ""Widdergasse 6, 8001 Zürich''), consistent with MA-071's expectation that Widder Hotel links to that existing restaurant row.",high,code_plus_country,proposed,supabase/data/hotels_master.csv (new row – no hotel_code assigned yet)
MA-071,QA-180,hotel,,Widder Hotel,new_row:michelin_keys,"(not in catalogue)","2","supabase/data/venues_to_check.csv row W001 (""Two Keys confirmed - place data outstanding (MA-071)'')","Key count already established by the project's own prior research from MICHELIN hotel detail pages (28 Jul 2026).",high,code_plus_country,proposed,supabase/data/hotels_master.csv (new row)
MA-071,QA-180,hotel,,Widder Hotel,new_row:latitude+longitude+google_place_id,"(not in catalogue)","unable to verify","n/a – no Google Places API access","Left unresolved rather than guessed. NOTE for the human reviewer: rest_0264 Widder Restaurant, already in the catalogue at the identical address, stores latitude=47.372274, longitude=8.53989, google_place_id=ChIJcX3oLwcKkEcR4jedn_ymCtE. Since it is the same small historic building (nine combined townhouses), these values are a plausible candidate for the hotel too, but this workspace is not treating that as confirmed – it must be checked against an actual Places lookup before reuse, not assumed from the restaurant's row.",low,name_proposed_unconfirmed,unresolved,supabase/data/hotels_master.csv (new row)
MA-071,QA-180,link,,Widder Hotel -> rest_0264 Widder Restaurant,new_link_row,"(no link exists – rest_0264 currently has no hotel link)","hotel_restaurant_links row: hotel_code=<new Widder Hotel code>, restaurant_code=rest_0264, evidence=identical street address (Widdergasse 6, 8001 Zürich) on both rows","lhw.com and widderhotel.com confirm the hotel's address; supabase/data/restaurants_master.csv row rest_0264 confirms the restaurant's address is character-for-character identical","Straightforward exact-address link once the new hotel row exists; blocked only on the hotel row being created first (it has no hotel_code yet).",high,code_plus_country,proposed,"supabase/data/hotel_restaurant_links.csv (new row, pending new hotel_code)"
MA-071,QA-180,hotel,,The Dolder Grand,new_row:address,"(not in catalogue)","Kurhausstrasse 65, 8032 Zürich, Switzerland","fivestaralliance.com/luxury-hotels/zurich/the-dolder-grand; conferencehotelgroup.com/hotels/261/The-Dolder-Grand; zuerich.com/en/accommodation/the-dolder-grand","Multiple independent travel-industry sources agree on this address.",medium,code_plus_country,proposed,supabase/data/hotels_master.csv (new row – no hotel_code assigned yet)
MA-071,QA-180,hotel,,The Dolder Grand,new_row:michelin_keys,"(not in catalogue)","2","supabase/data/venues_to_check.csv row W002 (""Two Keys confirmed - place data outstanding (MA-071)'')","Key count already established by the project's own prior research.",high,code_plus_country,proposed,supabase/data/hotels_master.csv (new row)
MA-071,QA-180,hotel,,The Dolder Grand,new_row:latitude+longitude+google_place_id,"(not in catalogue)","unable to verify","n/a – no Google Places API access","Left unresolved rather than guessed.",low,name_proposed_unconfirmed,unresolved,supabase/data/hotels_master.csv (new row)
MA-066,QA-175,restaurant,,Verve by Sven,new_row:address,"(not in catalogue)","unable to verify with confidence – two conflicting house numbers found on the same street","oadguides.com/restaurant/verve-by-sven gives ""Bernhard-Simonstrasse 14, 7310 Bad Ragaz'' (matching the address already used for sibling resort restaurants Memories/rest_0234 and IGNIV/rest_0243); a ViaMichelin listing snippet instead gives ""Bernhard-Simon-Strasse 2, Bad Ragaz, 7310''","Leaning toward Bernhard-Simonstrasse 14 as more likely correct, since it matches the address pattern already verified and imported for the two other resort restaurants at hotel_49 (both confirmed at ""Bernhard-Simonstrasse 14'' via the resort's own CUISINE operator page per link_0031/link_0032), while the ViaMichelin ""2'' appears to be an outlier from a lower-quality aggregated listing. Not asserted as fact given the direct conflict – left unresolved per the no-guessing rule rather than picking one number.",low,name_proposed_unconfirmed,unresolved,supabase/data/restaurants_master.csv (new row – no restaurant_code assigned yet)
MA-066,QA-175,restaurant,,Verve by Sven,new_row:latitude+longitude+google_place_id,"(not in catalogue)","unable to verify","n/a – no Google Places API access","Left unresolved. NOTE: rest_0234 Memories and rest_0243 IGNIV both sit at the same street address (Bernhard-Simonstrasse 14) yet store two DIFFERENT coordinate pairs and Place IDs roughly 150 m apart, confirming the resort restaurant building(s) legitimately have distinct Places despite a shared street address – so neither existing sibling's coordinates can be safely reused for Verve by Sven without an independent lookup.",low,name_proposed_unconfirmed,unresolved,supabase/data/restaurants_master.csv (new row)
MA-066,QA-175,link,,Grand Resort Bad Ragaz -> Verve by Sven,new_link_row,"(hotel_49 currently has 2 linked restaurants: rest_0234 Memories, rest_0243 IGNIV)","hotel_restaurant_links row: hotel_code=hotel_49, restaurant_code=<new Verve by Sven code>","supabase/data/hotel_restaurant_links.csv rows link_0031/link_0032 (existing pattern for this resort); MA-066 and QA-175 both state the resort hosts three starred restaurants, not two","Blocked on the new restaurant row/code being created first; the link itself (once the code exists) is high confidence given the resort's well-documented CUISINE operator page already used to justify the other two links.",medium,code_plus_country,proposed,"supabase/data/hotel_restaurant_links.csv (new row, pending new restaurant_code)"
MA-064,QA-054,restaurant,rest_0158,La Paix,operating_status,"quarantined; MICHELIN card (28 Jul 2026) reads ""TEMPORARILY CLOSED''","NEW FINDING: as of this research (early Aug 2026) La Paix is OPEN and taking reservations at its original Anderlecht address; the move to Corinthia Grand Hotel Astoria Brussels is confirmed scheduled to begin 15 September 2026, not yet happened","lapaix.eu (official restaurant site): ""La Paix déménage à partir du 15 septembre 2026. Adresse : Corinthia Hotel Astoria – Brussels, Rue Royale 103, 1000 Bruxelles''; the site states reservations remain open through its current booking system during the transition; press coverage corroborates (La Libre, L'Echo, Brussels Times headlines: ""Le restaurant La Paix quitte Anderlecht pour rejoindre le Corinthia'', move ""effective September 15, 2026'')","This resolves the apparent contradiction between MICHELIN's ""TEMPORARILY CLOSED'' card and the restaurant's own site (which frames itself as currently open, just relocating on a specific future date). Recommend importing rest_0158 now at its CURRENT Anderlecht identity (open, not yet moved), not the future Corinthia identity, and revisiting after 15 Sep 2026.",high,code_exact,proposed,supabase/data/restaurants_pending_manual_review.csv row restaurant_code=rest_0158
MA-064,QA-054,restaurant,rest_0158,La Paix,address,"Rue Royale 103, 1000 Bruxelles (confirmed wrong – this is the FUTURE Corinthia address, not La Paix's current location)","Rue Ropsy-Chaudron 49, 1070 Bruxelles","lapaix.eu (official site, states current address as ""Rue Ropsy-Chaudron 49, 1070 Bruxelles''); matches the street name already cited in MA-064/QA-054's own notes","Confirms the project's own hypothesis at high confidence using a primary source (the restaurant's own website) that was not previously cited in the MA/QA notes. The currently stored address/coordinates (50.851154, 4.365088) essentially duplicate hotel_153 Corinthia Grand Hotel Astoria Brussels's stored coordinates (50.851163, 4.365092, a few metres apart) – corroborating the project's existing theory that the quarantined row holds the FUTURE location, not today's.",high,code_exact,proposed,supabase/data/restaurants_pending_manual_review.csv row restaurant_code=rest_0158 (address column)
MA-064,QA-054,restaurant,rest_0158,La Paix,latitude+longitude+google_place_id,"lat=50.851154, lng=4.365088, google_place_id=ChIJlzUt9QvEw0cRXylic5nyuTc (all three confirmed wrong – these belong to the future Corinthia site/a third record, not the current Anderlecht venue)","unable to verify","n/a – no Google Places API access; Google Maps consent-wall blocked automated lookup in this session","Could not obtain verified coordinates or a Place ID for Rue Ropsy-Chaudron 49, 1070 Bruxelles via WebSearch/WebFetch. Left unresolved rather than guessed – do not import rest_0158 with any coordinate/Place ID until a human confirms these directly in Google Maps. If La Paix is instead imported after its 15-Sep-2026 move, a FRESH Place ID lookup for the restaurant's own listing at the Corinthia address will be needed (do not simply reuse hotel_153's Place ID, which identifies the hotel itself, not a restaurant tenant within it) – see hotel_restaurant_links row proposal below for the reopened case.",low,code_exact,unresolved,supabase/data/restaurants_pending_manual_review.csv row restaurant_code=rest_0158 (latitude/longitude/google_place_id columns)
MA-064,QA-054,link,,rest_0158 La Paix -> hotel_153 Corinthia Grand Hotel Astoria Brussels,new_link_row (contingent on reopening),"(no link – restaurant not yet relocated as of this research)","hotel_restaurant_links row: hotel_code=hotel_153, restaurant_code=rest_0158, evidence=""operator announcement of move effective 15 Sep 2026''","lapaix.eu; La Libre / L'Echo / Brussels Times press coverage of the announced move","DO NOT CREATE THIS LINK YET. Per MA-064's own instruction and this research's confirmation that the move has not happened as of today (2026-08-07), the link should only be created after 15 Sep 2026, once the restaurant's reopened Corinthia address/coordinates/Place ID have been independently verified (not before, and not by reusing hotel_153's own Place ID for the restaurant).",medium,code_exact,unresolved,"supabase/data/hotel_restaurant_links.csv (new row, contingent on post-move verification)"
VERIFY-01,,restaurant,rest_0240,La Brezza (Arosa),michelin_stars,3,2,"guide.michelin.com La Brezza, Arosa listing (2025 and 2026 guide years, via WebSearch - direct WebFetch returned HTTP 403); tschuggencollection.ch own retrospective confirming second star added 2022, no third star ever mentioned","Full verification in verification/la_brezza_arosa_verification.md. Also affects DATABASE_ARCHITECTURE.md section 7 worked example (not edited, flagged for its next revision).",high,code_exact,proposed,supabase/data/restaurants_master.csv row restaurant_code=rest_0240
VERIFY-02,,restaurant,rest_0021,Central Park (Voorburg),latitude+longitude,"52.059,4.3463","52.069951,4.369563 (align to hotel_02)","Restaurant and hotel rows store the identical address string (""Oosteinde 14, 2271 EH Voorburg""); independent postcode-centroid lookup for 2271 via WebSearch gives 52.072,4.369, closely matching hotel_02 stored value, not rest_0021",Found during shared-Place-ID audit (verification/shared_place_id_audit.md) - same shared-Place-ID/mismatched-coordinate pattern as Chateau Neercanne (MA-069). Not independently geocoded to exact precision.,medium,code_exact,proposed,supabase/data/restaurants_master.csv row restaurant_code=rest_0021
VERIFY-02b,,restaurant,rest_0002,ABAC (Barcelona),latitude+longitude,"41.4145,2.1344","unable to verify - likely should align to hotel_537, not independently geocode-confirmed","Confirmed single-building property (Avinguda del Tibidabo, 1) via WebSearch of official/press sources; same shared-Place-ID pattern as Chateau Neercanne and Central Park (459.8m apart)",Found during shared-Place-ID audit (verification/shared_place_id_audit.md). Left unresolved rather than guessed which of the two stored coordinate pairs is correct.,low,code_exact,unresolved,supabase/data/restaurants_master.csv row restaurant_code=rest_0002
VERIFY-03a,QA-090,restaurant,,Torre del Saracino,new_row,(not in catalogue),"2 MICHELIN stars, Via Torretta 9, Vico Equense, Italy - coordinates/google_place_id not independently verified",guide.michelin.com Italia listing (via WebSearch); greatitalianchefs.com; torredelsaracino.it (own site) - chef Gennaro Esposito,"One of two restaurants confirming MA-051 was undercounted (see verification/italy_michelin_count_verification.csv) - the ticket described one missing name, this pass found two, plus a third misclassification (Tre Olivi).",high,code_exact,proposed,supabase/data/restaurants_master.csv (new row required)
VERIFY-03b,QA-090,restaurant,,Il Piccolo Principe,new_row,(not in catalogue),"2 MICHELIN stars, inside Grand Hotel Principe di Piemonte, Viareggio, Italy - coordinates/google_place_id not independently verified; hotel Key status not checked","guide.michelin.com Italia listing (via WebSearch); principedipiemonte.com own restaurant page - chef Giuseppe Mancino, first star 2008, second star 2014",Second of two restaurants confirming MA-051 was undercounted. Verify whether Grand Hotel Principe di Piemonte holds a MICHELIN Key before deciding property_name vs hotel_restaurants link treatment.,high,code_exact,proposed,supabase/data/restaurants_master.csv (new row required)
VERIFY-03c,QA-090,restaurant,rest_0394,Tre Olivi,michelin_stars,2,1,"guide.michelin.com Italia listing (via WebSearch) - explicitly notes some sources still cite an earlier 2-star period; reportergourmet.com confirms a 2-star period existed (""achieved 2 Michelin stars in 9 months"") before the current 2026 guide shows 1 star","QA-090's own note sourced the stored 2-star value from ""an earlier MICHELIN article"" - this is currency drift, not an import error. See verification/italy_michelin_count_verification.csv.",high,code_exact,proposed,supabase/data/restaurants_master.csv row restaurant_code=rest_0394
